,ST,clpA,clpX,nifS,pepX,pyrG,recG,rplB,uvrA,New/Existing
0,1,clpA_35,clpX_24,nifS_23,pepX_49,pyrG_96,recG_32,rplB_23,uvrA_99,New
1,2,clpA_35,clpX_24,nifS_23,pepX_49,pyrG_96,recG_32,rplB_23,uvrA_28,New
2,3,clpA_35,clpX_24,nifS_23,pepX_49,pyrG_96,recG_32,rplB_23,uvrA_29,New
3,4,clpA_35,clpX_24,nifS_23,pepX_49,pyrG_96,recG_32,rplB_24,uvrA_99,New
4,5,clpA_35,clpX_24,nifS_23,pepX_49,pyrG_96,recG_32,rplB_24,uvrA_28,New
5,6,clpA_35,clpX_24,nifS_23,pepX_49,pyrG_96,recG_32,rplB_24,uvrA_29,New
6,7,clpA_35,clpX_24,nifS_23,pepX_49,pyrG_96,recG_91,rplB_23,uvrA_99,New
7,8,clpA_35,clpX_24,nifS_23,pepX_49,pyrG_96,recG_91,rplB_23,uvrA_28,New
8,9,clpA_35,clpX_24,nifS_23,pepX_49,pyrG_96,recG_91,rplB_23,uvrA_29,New
9,10,clpA_35,clpX_24,nifS_23,pepX_49,pyrG_96,recG_91,rplB_24,uvrA_99,New
10,11,clpA_35,clpX_24,nifS_23,pepX_49,pyrG_96,recG_91,rplB_24,uvrA_28,New
11,12,clpA_35,clpX_24,nifS_23,pepX_49,pyrG_96,recG_91,rplB_24,uvrA_29,New
12,13,clpA_35,clpX_24,nifS_23,pepX_49,pyrG_96,recG_29,rplB_23,uvrA_99,New
13,14,clpA_35,clpX_24,nifS_23,pepX_49,pyrG_96,recG_29,rplB_23,uvrA_28,New
14,15,clpA_35,clpX_24,nifS_23,pepX_49,pyrG_96,recG_29,rplB_23,uvrA_29,New
15,16,clpA_35,clpX_24,nifS_23,pepX_49,pyrG_96,recG_29,rplB_24,uvrA_99,New
16,17,clpA_35,clpX_24,nifS_23,pepX_49,pyrG_96,recG_29,rplB_24,uvrA_28,New
17,18,clpA_35,clpX_24,nifS_23,pepX_49,pyrG_96,recG_29,rplB_24,uvrA_29,New
18,19,clpA_35,clpX_24,nifS_23,pepX_49,pyrG_44,recG_32,rplB_23,uvrA_99,New
19,20,clpA_35,clpX_24,nifS_23,pepX_49,pyrG_44,recG_32,rplB_23,uvrA_28,Existing
20,21,clpA_35,clpX_24,nifS_23,pepX_49,pyrG_44,recG_32,rplB_23,uvrA_29,New
21,22,clpA_35,clpX_24,nifS_23,pepX_49,pyrG_44,recG_32,rplB_24,uvrA_99,New
22,23,clpA_35,clpX_24,nifS_23,pepX_49,pyrG_44,recG_32,rplB_24,uvrA_28,New
23,24,clpA_35,clpX_24,nifS_23,pepX_49,pyrG_44,recG_32,rplB_24,uvrA_29,New
24,25,clpA_35,clpX_24,nifS_23,pepX_49,pyrG_44,recG_91,rplB_23,uvrA_99,New
25,26,clpA_35,clpX_24,nifS_23,pepX_49,pyrG_44,recG_91,rplB_23,uvrA_28,New
26,27,clpA_35,clpX_24,nifS_23,pepX_49,pyrG_44,recG_91,rplB_23,uvrA_29,New
27,28,clpA_35,clpX_24,nifS_23,pepX_49,pyrG_44,recG_91,rplB_24,uvrA_99,New
28,29,clpA_35,clpX_24,nifS_23,pepX_49,pyrG_44,recG_91,rplB_24,uvrA_28,New
29,30,clpA_35,clpX_24,nifS_23,pepX_49,pyrG_44,recG_91,rplB_24,uvrA_29,New
30,31,clpA_35,clpX_24,nifS_23,pepX_49,pyrG_44,recG_29,rplB_23,uvrA_99,New
31,32,clpA_35,clpX_24,nifS_23,pepX_49,pyrG_44,recG_29,rplB_23,uvrA_28,New
32,33,clpA_35,clpX_24,nifS_23,pepX_49,pyrG_44,recG_29,rplB_23,uvrA_29,New
33,34,clpA_35,clpX_24,nifS_23,pepX_49,pyrG_44,recG_29,rplB_24,uvrA_99,New
34,35,clpA_35,clpX_24,nifS_23,pepX_49,pyrG_44,recG_29,rplB_24,uvrA_28,New
35,36,clpA_35,clpX_24,nifS_23,pepX_49,pyrG_44,recG_29,rplB_24,uvrA_29,New
36,37,clpA_35,clpX_24,nifS_23,pepX_49,pyrG_22,recG_32,rplB_23,uvrA_99,New
37,38,clpA_35,clpX_24,nifS_23,pepX_49,pyrG_22,recG_32,rplB_23,uvrA_28,New
38,39,clpA_35,clpX_24,nifS_23,pepX_49,pyrG_22,recG_32,rplB_23,uvrA_29,New
39,40,clpA_35,clpX_24,nifS_23,pepX_49,pyrG_22,recG_32,rplB_24,uvrA_99,New
40,41,clpA_35,clpX_24,nifS_23,pepX_49,pyrG_22,recG_32,rplB_24,uvrA_28,New
41,42,clpA_35,clpX_24,nifS_23,pepX_49,pyrG_22,recG_32,rplB_24,uvrA_29,New
42,43,clpA_35,clpX_24,nifS_23,pepX_49,pyrG_22,recG_91,rplB_23,uvrA_99,New
43,44,clpA_35,clpX_24,nifS_23,pepX_49,pyrG_22,recG_91,rplB_23,uvrA_28,New
44,45,clpA_35,clpX_24,nifS_23,pepX_49,pyrG_22,recG_91,rplB_23,uvrA_29,New
45,46,clpA_35,clpX_24,nifS_23,pepX_49,pyrG_22,recG_91,rplB_24,uvrA_99,New
46,47,clpA_35,clpX_24,nifS_23,pepX_49,pyrG_22,recG_91,rplB_24,uvrA_28,New
47,48,clpA_35,clpX_24,nifS_23,pepX_49,pyrG_22,recG_91,rplB_24,uvrA_29,New
48,49,clpA_35,clpX_24,nifS_23,pepX_49,pyrG_22,recG_29,rplB_23,uvrA_99,New
49,50,clpA_35,clpX_24,nifS_23,pepX_49,pyrG_22,recG_29,rplB_23,uvrA_28,New
50,51,clpA_35,clpX_24,nifS_23,pepX_49,pyrG_22,recG_29,rplB_23,uvrA_29,New
51,52,clpA_35,clpX_24,nifS_23,pepX_49,pyrG_22,recG_29,rplB_24,uvrA_99,New
52,53,clpA_35,clpX_24,nifS_23,pepX_49,pyrG_22,recG_29,rplB_24,uvrA_28,New
53,54,clpA_35,clpX_24,nifS_23,pepX_49,pyrG_22,recG_29,rplB_24,uvrA_29,New
54,55,clpA_35,clpX_24,nifS_23,pepX_85,pyrG_96,recG_32,rplB_23,uvrA_99,New
55,56,clpA_35,clpX_24,nifS_23,pepX_85,pyrG_96,recG_32,rplB_23,uvrA_28,New
56,57,clpA_35,clpX_24,nifS_23,pepX_85,pyrG_96,recG_32,rplB_23,uvrA_29,New
57,58,clpA_35,clpX_24,nifS_23,pepX_85,pyrG_96,recG_32,rplB_24,uvrA_99,New
58,59,clpA_35,clpX_24,nifS_23,pepX_85,pyrG_96,recG_32,rplB_24,uvrA_28,New
59,60,clpA_35,clpX_24,nifS_23,pepX_85,pyrG_96,recG_32,rplB_24,uvrA_29,New
60,61,clpA_35,clpX_24,nifS_23,pepX_85,pyrG_96,recG_91,rplB_23,uvrA_99,New
61,62,clpA_35,clpX_24,nifS_23,pepX_85,pyrG_96,recG_91,rplB_23,uvrA_28,New
62,63,clpA_35,clpX_24,nifS_23,pepX_85,pyrG_96,recG_91,rplB_23,uvrA_29,New
63,64,clpA_35,clpX_24,nifS_23,pepX_85,pyrG_96,recG_91,rplB_24,uvrA_99,New
64,65,clpA_35,clpX_24,nifS_23,pepX_85,pyrG_96,recG_91,rplB_24,uvrA_28,New
65,66,clpA_35,clpX_24,nifS_23,pepX_85,pyrG_96,recG_91,rplB_24,uvrA_29,New
66,67,clpA_35,clpX_24,nifS_23,pepX_85,pyrG_96,recG_29,rplB_23,uvrA_99,New
67,68,clpA_35,clpX_24,nifS_23,pepX_85,pyrG_96,recG_29,rplB_23,uvrA_28,New
68,69,clpA_35,clpX_24,nifS_23,pepX_85,pyrG_96,recG_29,rplB_23,uvrA_29,New
69,70,clpA_35,clpX_24,nifS_23,pepX_85,pyrG_96,recG_29,rplB_24,uvrA_99,New
70,71,clpA_35,clpX_24,nifS_23,pepX_85,pyrG_96,recG_29,rplB_24,uvrA_28,New
71,72,clpA_35,clpX_24,nifS_23,pepX_85,pyrG_96,recG_29,rplB_24,uvrA_29,New
72,73,clpA_35,clpX_24,nifS_23,pepX_85,pyrG_44,recG_32,rplB_23,uvrA_99,New
73,74,clpA_35,clpX_24,nifS_23,pepX_85,pyrG_44,recG_32,rplB_23,uvrA_28,New
74,75,clpA_35,clpX_24,nifS_23,pepX_85,pyrG_44,recG_32,rplB_23,uvrA_29,New
75,76,clpA_35,clpX_24,nifS_23,pepX_85,pyrG_44,recG_32,rplB_24,uvrA_99,New
76,77,clpA_35,clpX_24,nifS_23,pepX_85,pyrG_44,recG_32,rplB_24,uvrA_28,New
77,78,clpA_35,clpX_24,nifS_23,pepX_85,pyrG_44,recG_32,rplB_24,uvrA_29,New
78,79,clpA_35,clpX_24,nifS_23,pepX_85,pyrG_44,recG_91,rplB_23,uvrA_99,New
79,80,clpA_35,clpX_24,nifS_23,pepX_85,pyrG_44,recG_91,rplB_23,uvrA_28,New
80,81,clpA_35,clpX_24,nifS_23,pepX_85,pyrG_44,recG_91,rplB_23,uvrA_29,New
81,82,clpA_35,clpX_24,nifS_23,pepX_85,pyrG_44,recG_91,rplB_24,uvrA_99,New
82,83,clpA_35,clpX_24,nifS_23,pepX_85,pyrG_44,recG_91,rplB_24,uvrA_28,New
83,84,clpA_35,clpX_24,nifS_23,pepX_85,pyrG_44,recG_91,rplB_24,uvrA_29,New
84,85,clpA_35,clpX_24,nifS_23,pepX_85,pyrG_44,recG_29,rplB_23,uvrA_99,New
85,86,clpA_35,clpX_24,nifS_23,pepX_85,pyrG_44,recG_29,rplB_23,uvrA_28,New
86,87,clpA_35,clpX_24,nifS_23,pepX_85,pyrG_44,recG_29,rplB_23,uvrA_29,New
87,88,clpA_35,clpX_24,nifS_23,pepX_85,pyrG_44,recG_29,rplB_24,uvrA_99,New
88,89,clpA_35,clpX_24,nifS_23,pepX_85,pyrG_44,recG_29,rplB_24,uvrA_28,New
89,90,clpA_35,clpX_24,nifS_23,pepX_85,pyrG_44,recG_29,rplB_24,uvrA_29,New
90,91,clpA_35,clpX_24,nifS_23,pepX_85,pyrG_22,recG_32,rplB_23,uvrA_99,New
91,92,clpA_35,clpX_24,nifS_23,pepX_85,pyrG_22,recG_32,rplB_23,uvrA_28,New
92,93,clpA_35,clpX_24,nifS_23,pepX_85,pyrG_22,recG_32,rplB_23,uvrA_29,New
93,94,clpA_35,clpX_24,nifS_23,pepX_85,pyrG_22,recG_32,rplB_24,uvrA_99,New
94,95,clpA_35,clpX_24,nifS_23,pepX_85,pyrG_22,recG_32,rplB_24,uvrA_28,New
95,96,clpA_35,clpX_24,nifS_23,pepX_85,pyrG_22,recG_32,rplB_24,uvrA_29,New
96,97,clpA_35,clpX_24,nifS_23,pepX_85,pyrG_22,recG_91,rplB_23,uvrA_99,New
97,98,clpA_35,clpX_24,nifS_23,pepX_85,pyrG_22,recG_91,rplB_23,uvrA_28,New
98,99,clpA_35,clpX_24,nifS_23,pepX_85,pyrG_22,recG_91,rplB_23,uvrA_29,New
99,100,clpA_35,clpX_24,nifS_23,pepX_85,pyrG_22,recG_91,rplB_24,uvrA_99,New
100,101,clpA_35,clpX_24,nifS_23,pepX_85,pyrG_22,recG_91,rplB_24,uvrA_28,New
101,102,clpA_35,clpX_24,nifS_23,pepX_85,pyrG_22,recG_91,rplB_24,uvrA_29,New
102,103,clpA_35,clpX_24,nifS_23,pepX_85,pyrG_22,recG_29,rplB_23,uvrA_99,New
103,104,clpA_35,clpX_24,nifS_23,pepX_85,pyrG_22,recG_29,rplB_23,uvrA_28,New
104,105,clpA_35,clpX_24,nifS_23,pepX_85,pyrG_22,recG_29,rplB_23,uvrA_29,New
105,106,clpA_35,clpX_24,nifS_23,pepX_85,pyrG_22,recG_29,rplB_24,uvrA_99,New
106,107,clpA_35,clpX_24,nifS_23,pepX_85,pyrG_22,recG_29,rplB_24,uvrA_28,New
107,108,clpA_35,clpX_24,nifS_23,pepX_85,pyrG_22,recG_29,rplB_24,uvrA_29,New
108,109,clpA_35,clpX_24,nifS_23,pepX_31,pyrG_96,recG_32,rplB_23,uvrA_99,New
109,110,clpA_35,clpX_24,nifS_23,pepX_31,pyrG_96,recG_32,rplB_23,uvrA_28,New
110,111,clpA_35,clpX_24,nifS_23,pepX_31,pyrG_96,recG_32,rplB_23,uvrA_29,New
111,112,clpA_35,clpX_24,nifS_23,pepX_31,pyrG_96,recG_32,rplB_24,uvrA_99,New
112,113,clpA_35,clpX_24,nifS_23,pepX_31,pyrG_96,recG_32,rplB_24,uvrA_28,New
113,114,clpA_35,clpX_24,nifS_23,pepX_31,pyrG_96,recG_32,rplB_24,uvrA_29,New
114,115,clpA_35,clpX_24,nifS_23,pepX_31,pyrG_96,recG_91,rplB_23,uvrA_99,New
115,116,clpA_35,clpX_24,nifS_23,pepX_31,pyrG_96,recG_91,rplB_23,uvrA_28,New
116,117,clpA_35,clpX_24,nifS_23,pepX_31,pyrG_96,recG_91,rplB_23,uvrA_29,New
117,118,clpA_35,clpX_24,nifS_23,pepX_31,pyrG_96,recG_91,rplB_24,uvrA_99,New
118,119,clpA_35,clpX_24,nifS_23,pepX_31,pyrG_96,recG_91,rplB_24,uvrA_28,New
119,120,clpA_35,clpX_24,nifS_23,pepX_31,pyrG_96,recG_91,rplB_24,uvrA_29,New
120,121,clpA_35,clpX_24,nifS_23,pepX_31,pyrG_96,recG_29,rplB_23,uvrA_99,New
121,122,clpA_35,clpX_24,nifS_23,pepX_31,pyrG_96,recG_29,rplB_23,uvrA_28,New
122,123,clpA_35,clpX_24,nifS_23,pepX_31,pyrG_96,recG_29,rplB_23,uvrA_29,New
123,124,clpA_35,clpX_24,nifS_23,pepX_31,pyrG_96,recG_29,rplB_24,uvrA_99,New
124,125,clpA_35,clpX_24,nifS_23,pepX_31,pyrG_96,recG_29,rplB_24,uvrA_28,New
125,126,clpA_35,clpX_24,nifS_23,pepX_31,pyrG_96,recG_29,rplB_24,uvrA_29,New
126,127,clpA_35,clpX_24,nifS_23,pepX_31,pyrG_44,recG_32,rplB_23,uvrA_99,New
127,128,clpA_35,clpX_24,nifS_23,pepX_31,pyrG_44,recG_32,rplB_23,uvrA_28,New
128,129,clpA_35,clpX_24,nifS_23,pepX_31,pyrG_44,recG_32,rplB_23,uvrA_29,New
129,130,clpA_35,clpX_24,nifS_23,pepX_31,pyrG_44,recG_32,rplB_24,uvrA_99,New
130,131,clpA_35,clpX_24,nifS_23,pepX_31,pyrG_44,recG_32,rplB_24,uvrA_28,New
131,132,clpA_35,clpX_24,nifS_23,pepX_31,pyrG_44,recG_32,rplB_24,uvrA_29,New
132,133,clpA_35,clpX_24,nifS_23,pepX_31,pyrG_44,recG_91,rplB_23,uvrA_99,New
133,134,clpA_35,clpX_24,nifS_23,pepX_31,pyrG_44,recG_91,rplB_23,uvrA_28,New
134,135,clpA_35,clpX_24,nifS_23,pepX_31,pyrG_44,recG_91,rplB_23,uvrA_29,New
135,136,clpA_35,clpX_24,nifS_23,pepX_31,pyrG_44,recG_91,rplB_24,uvrA_99,New
136,137,clpA_35,clpX_24,nifS_23,pepX_31,pyrG_44,recG_91,rplB_24,uvrA_28,New
137,138,clpA_35,clpX_24,nifS_23,pepX_31,pyrG_44,recG_91,rplB_24,uvrA_29,New
138,139,clpA_35,clpX_24,nifS_23,pepX_31,pyrG_44,recG_29,rplB_23,uvrA_99,New
139,140,clpA_35,clpX_24,nifS_23,pepX_31,pyrG_44,recG_29,rplB_23,uvrA_28,New
140,141,clpA_35,clpX_24,nifS_23,pepX_31,pyrG_44,recG_29,rplB_23,uvrA_29,New
141,142,clpA_35,clpX_24,nifS_23,pepX_31,pyrG_44,recG_29,rplB_24,uvrA_99,New
142,143,clpA_35,clpX_24,nifS_23,pepX_31,pyrG_44,recG_29,rplB_24,uvrA_28,New
143,144,clpA_35,clpX_24,nifS_23,pepX_31,pyrG_44,recG_29,rplB_24,uvrA_29,New
144,145,clpA_35,clpX_24,nifS_23,pepX_31,pyrG_22,recG_32,rplB_23,uvrA_99,New
145,146,clpA_35,clpX_24,nifS_23,pepX_31,pyrG_22,recG_32,rplB_23,uvrA_28,New
146,147,clpA_35,clpX_24,nifS_23,pepX_31,pyrG_22,recG_32,rplB_23,uvrA_29,New
147,148,clpA_35,clpX_24,nifS_23,pepX_31,pyrG_22,recG_32,rplB_24,uvrA_99,New
148,149,clpA_35,clpX_24,nifS_23,pepX_31,pyrG_22,recG_32,rplB_24,uvrA_28,New
149,150,clpA_35,clpX_24,nifS_23,pepX_31,pyrG_22,recG_32,rplB_24,uvrA_29,New
150,151,clpA_35,clpX_24,nifS_23,pepX_31,pyrG_22,recG_91,rplB_23,uvrA_99,New
151,152,clpA_35,clpX_24,nifS_23,pepX_31,pyrG_22,recG_91,rplB_23,uvrA_28,New
152,153,clpA_35,clpX_24,nifS_23,pepX_31,pyrG_22,recG_91,rplB_23,uvrA_29,New
153,154,clpA_35,clpX_24,nifS_23,pepX_31,pyrG_22,recG_91,rplB_24,uvrA_99,New
154,155,clpA_35,clpX_24,nifS_23,pepX_31,pyrG_22,recG_91,rplB_24,uvrA_28,New
155,156,clpA_35,clpX_24,nifS_23,pepX_31,pyrG_22,recG_91,rplB_24,uvrA_29,New
156,157,clpA_35,clpX_24,nifS_23,pepX_31,pyrG_22,recG_29,rplB_23,uvrA_99,New
157,158,clpA_35,clpX_24,nifS_23,pepX_31,pyrG_22,recG_29,rplB_23,uvrA_28,New
158,159,clpA_35,clpX_24,nifS_23,pepX_31,pyrG_22,recG_29,rplB_23,uvrA_29,New
159,160,clpA_35,clpX_24,nifS_23,pepX_31,pyrG_22,recG_29,rplB_24,uvrA_99,New
160,161,clpA_35,clpX_24,nifS_23,pepX_31,pyrG_22,recG_29,rplB_24,uvrA_28,New
161,162,clpA_35,clpX_24,nifS_23,pepX_31,pyrG_22,recG_29,rplB_24,uvrA_29,New
162,163,clpA_35,clpX_24,nifS_24,pepX_49,pyrG_96,recG_32,rplB_23,uvrA_99,New
163,164,clpA_35,clpX_24,nifS_24,pepX_49,pyrG_96,recG_32,rplB_23,uvrA_28,New
164,165,clpA_35,clpX_24,nifS_24,pepX_49,pyrG_96,recG_32,rplB_23,uvrA_29,New
165,166,clpA_35,clpX_24,nifS_24,pepX_49,pyrG_96,recG_32,rplB_24,uvrA_99,New
166,167,clpA_35,clpX_24,nifS_24,pepX_49,pyrG_96,recG_32,rplB_24,uvrA_28,New
167,168,clpA_35,clpX_24,nifS_24,pepX_49,pyrG_96,recG_32,rplB_24,uvrA_29,New
168,169,clpA_35,clpX_24,nifS_24,pepX_49,pyrG_96,recG_91,rplB_23,uvrA_99,New
169,170,clpA_35,clpX_24,nifS_24,pepX_49,pyrG_96,recG_91,rplB_23,uvrA_28,New
170,171,clpA_35,clpX_24,nifS_24,pepX_49,pyrG_96,recG_91,rplB_23,uvrA_29,New
171,172,clpA_35,clpX_24,nifS_24,pepX_49,pyrG_96,recG_91,rplB_24,uvrA_99,New
172,173,clpA_35,clpX_24,nifS_24,pepX_49,pyrG_96,recG_91,rplB_24,uvrA_28,New
173,174,clpA_35,clpX_24,nifS_24,pepX_49,pyrG_96,recG_91,rplB_24,uvrA_29,New
174,175,clpA_35,clpX_24,nifS_24,pepX_49,pyrG_96,recG_29,rplB_23,uvrA_99,New
175,176,clpA_35,clpX_24,nifS_24,pepX_49,pyrG_96,recG_29,rplB_23,uvrA_28,New
176,177,clpA_35,clpX_24,nifS_24,pepX_49,pyrG_96,recG_29,rplB_23,uvrA_29,New
177,178,clpA_35,clpX_24,nifS_24,pepX_49,pyrG_96,recG_29,rplB_24,uvrA_99,New
178,179,clpA_35,clpX_24,nifS_24,pepX_49,pyrG_96,recG_29,rplB_24,uvrA_28,New
179,180,clpA_35,clpX_24,nifS_24,pepX_49,pyrG_96,recG_29,rplB_24,uvrA_29,New
180,181,clpA_35,clpX_24,nifS_24,pepX_49,pyrG_44,recG_32,rplB_23,uvrA_99,New
181,182,clpA_35,clpX_24,nifS_24,pepX_49,pyrG_44,recG_32,rplB_23,uvrA_28,New
182,183,clpA_35,clpX_24,nifS_24,pepX_49,pyrG_44,recG_32,rplB_23,uvrA_29,New
183,184,clpA_35,clpX_24,nifS_24,pepX_49,pyrG_44,recG_32,rplB_24,uvrA_99,New
184,185,clpA_35,clpX_24,nifS_24,pepX_49,pyrG_44,recG_32,rplB_24,uvrA_28,New
185,186,clpA_35,clpX_24,nifS_24,pepX_49,pyrG_44,recG_32,rplB_24,uvrA_29,New
186,187,clpA_35,clpX_24,nifS_24,pepX_49,pyrG_44,recG_91,rplB_23,uvrA_99,New
187,188,clpA_35,clpX_24,nifS_24,pepX_49,pyrG_44,recG_91,rplB_23,uvrA_28,New
188,189,clpA_35,clpX_24,nifS_24,pepX_49,pyrG_44,recG_91,rplB_23,uvrA_29,New
189,190,clpA_35,clpX_24,nifS_24,pepX_49,pyrG_44,recG_91,rplB_24,uvrA_99,New
190,191,clpA_35,clpX_24,nifS_24,pepX_49,pyrG_44,recG_91,rplB_24,uvrA_28,New
191,192,clpA_35,clpX_24,nifS_24,pepX_49,pyrG_44,recG_91,rplB_24,uvrA_29,New
192,193,clpA_35,clpX_24,nifS_24,pepX_49,pyrG_44,recG_29,rplB_23,uvrA_99,New
193,194,clpA_35,clpX_24,nifS_24,pepX_49,pyrG_44,recG_29,rplB_23,uvrA_28,New
194,195,clpA_35,clpX_24,nifS_24,pepX_49,pyrG_44,recG_29,rplB_23,uvrA_29,New
195,196,clpA_35,clpX_24,nifS_24,pepX_49,pyrG_44,recG_29,rplB_24,uvrA_99,New
196,197,clpA_35,clpX_24,nifS_24,pepX_49,pyrG_44,recG_29,rplB_24,uvrA_28,New
197,198,clpA_35,clpX_24,nifS_24,pepX_49,pyrG_44,recG_29,rplB_24,uvrA_29,New
198,199,clpA_35,clpX_24,nifS_24,pepX_49,pyrG_22,recG_32,rplB_23,uvrA_99,New
199,200,clpA_35,clpX_24,nifS_24,pepX_49,pyrG_22,recG_32,rplB_23,uvrA_28,New
200,201,clpA_35,clpX_24,nifS_24,pepX_49,pyrG_22,recG_32,rplB_23,uvrA_29,New
201,202,clpA_35,clpX_24,nifS_24,pepX_49,pyrG_22,recG_32,rplB_24,uvrA_99,New
202,203,clpA_35,clpX_24,nifS_24,pepX_49,pyrG_22,recG_32,rplB_24,uvrA_28,New
203,204,clpA_35,clpX_24,nifS_24,pepX_49,pyrG_22,recG_32,rplB_24,uvrA_29,New
204,205,clpA_35,clpX_24,nifS_24,pepX_49,pyrG_22,recG_91,rplB_23,uvrA_99,New
205,206,clpA_35,clpX_24,nifS_24,pepX_49,pyrG_22,recG_91,rplB_23,uvrA_28,New
206,207,clpA_35,clpX_24,nifS_24,pepX_49,pyrG_22,recG_91,rplB_23,uvrA_29,New
207,208,clpA_35,clpX_24,nifS_24,pepX_49,pyrG_22,recG_91,rplB_24,uvrA_99,New
208,209,clpA_35,clpX_24,nifS_24,pepX_49,pyrG_22,recG_91,rplB_24,uvrA_28,New
209,210,clpA_35,clpX_24,nifS_24,pepX_49,pyrG_22,recG_91,rplB_24,uvrA_29,New
210,211,clpA_35,clpX_24,nifS_24,pepX_49,pyrG_22,recG_29,rplB_23,uvrA_99,New
211,212,clpA_35,clpX_24,nifS_24,pepX_49,pyrG_22,recG_29,rplB_23,uvrA_28,New
212,213,clpA_35,clpX_24,nifS_24,pepX_49,pyrG_22,recG_29,rplB_23,uvrA_29,New
213,214,clpA_35,clpX_24,nifS_24,pepX_49,pyrG_22,recG_29,rplB_24,uvrA_99,New
214,215,clpA_35,clpX_24,nifS_24,pepX_49,pyrG_22,recG_29,rplB_24,uvrA_28,New
215,216,clpA_35,clpX_24,nifS_24,pepX_49,pyrG_22,recG_29,rplB_24,uvrA_29,New
216,217,clpA_35,clpX_24,nifS_24,pepX_85,pyrG_96,recG_32,rplB_23,uvrA_99,New
217,218,clpA_35,clpX_24,nifS_24,pepX_85,pyrG_96,recG_32,rplB_23,uvrA_28,New
218,219,clpA_35,clpX_24,nifS_24,pepX_85,pyrG_96,recG_32,rplB_23,uvrA_29,New
219,220,clpA_35,clpX_24,nifS_24,pepX_85,pyrG_96,recG_32,rplB_24,uvrA_99,New
220,221,clpA_35,clpX_24,nifS_24,pepX_85,pyrG_96,recG_32,rplB_24,uvrA_28,New
221,222,clpA_35,clpX_24,nifS_24,pepX_85,pyrG_96,recG_32,rplB_24,uvrA_29,New
222,223,clpA_35,clpX_24,nifS_24,pepX_85,pyrG_96,recG_91,rplB_23,uvrA_99,New
223,224,clpA_35,clpX_24,nifS_24,pepX_85,pyrG_96,recG_91,rplB_23,uvrA_28,New
224,225,clpA_35,clpX_24,nifS_24,pepX_85,pyrG_96,recG_91,rplB_23,uvrA_29,New
225,226,clpA_35,clpX_24,nifS_24,pepX_85,pyrG_96,recG_91,rplB_24,uvrA_99,New
226,227,clpA_35,clpX_24,nifS_24,pepX_85,pyrG_96,recG_91,rplB_24,uvrA_28,New
227,228,clpA_35,clpX_24,nifS_24,pepX_85,pyrG_96,recG_91,rplB_24,uvrA_29,New
228,229,clpA_35,clpX_24,nifS_24,pepX_85,pyrG_96,recG_29,rplB_23,uvrA_99,New
229,230,clpA_35,clpX_24,nifS_24,pepX_85,pyrG_96,recG_29,rplB_23,uvrA_28,New
230,231,clpA_35,clpX_24,nifS_24,pepX_85,pyrG_96,recG_29,rplB_23,uvrA_29,New
231,232,clpA_35,clpX_24,nifS_24,pepX_85,pyrG_96,recG_29,rplB_24,uvrA_99,New
232,233,clpA_35,clpX_24,nifS_24,pepX_85,pyrG_96,recG_29,rplB_24,uvrA_28,New
233,234,clpA_35,clpX_24,nifS_24,pepX_85,pyrG_96,recG_29,rplB_24,uvrA_29,New
234,235,clpA_35,clpX_24,nifS_24,pepX_85,pyrG_44,recG_32,rplB_23,uvrA_99,New
235,236,clpA_35,clpX_24,nifS_24,pepX_85,pyrG_44,recG_32,rplB_23,uvrA_28,New
236,237,clpA_35,clpX_24,nifS_24,pepX_85,pyrG_44,recG_32,rplB_23,uvrA_29,New
237,238,clpA_35,clpX_24,nifS_24,pepX_85,pyrG_44,recG_32,rplB_24,uvrA_99,New
238,239,clpA_35,clpX_24,nifS_24,pepX_85,pyrG_44,recG_32,rplB_24,uvrA_28,New
239,240,clpA_35,clpX_24,nifS_24,pepX_85,pyrG_44,recG_32,rplB_24,uvrA_29,New
240,241,clpA_35,clpX_24,nifS_24,pepX_85,pyrG_44,recG_91,rplB_23,uvrA_99,New
241,242,clpA_35,clpX_24,nifS_24,pepX_85,pyrG_44,recG_91,rplB_23,uvrA_28,New
242,243,clpA_35,clpX_24,nifS_24,pepX_85,pyrG_44,recG_91,rplB_23,uvrA_29,New
243,244,clpA_35,clpX_24,nifS_24,pepX_85,pyrG_44,recG_91,rplB_24,uvrA_99,New
244,245,clpA_35,clpX_24,nifS_24,pepX_85,pyrG_44,recG_91,rplB_24,uvrA_28,New
245,246,clpA_35,clpX_24,nifS_24,pepX_85,pyrG_44,recG_91,rplB_24,uvrA_29,New
246,247,clpA_35,clpX_24,nifS_24,pepX_85,pyrG_44,recG_29,rplB_23,uvrA_99,New
247,248,clpA_35,clpX_24,nifS_24,pepX_85,pyrG_44,recG_29,rplB_23,uvrA_28,New
248,249,clpA_35,clpX_24,nifS_24,pepX_85,pyrG_44,recG_29,rplB_23,uvrA_29,New
249,250,clpA_35,clpX_24,nifS_24,pepX_85,pyrG_44,recG_29,rplB_24,uvrA_99,New
250,251,clpA_35,clpX_24,nifS_24,pepX_85,pyrG_44,recG_29,rplB_24,uvrA_28,New
251,252,clpA_35,clpX_24,nifS_24,pepX_85,pyrG_44,recG_29,rplB_24,uvrA_29,New
252,253,clpA_35,clpX_24,nifS_24,pepX_85,pyrG_22,recG_32,rplB_23,uvrA_99,New
253,254,clpA_35,clpX_24,nifS_24,pepX_85,pyrG_22,recG_32,rplB_23,uvrA_28,New
254,255,clpA_35,clpX_24,nifS_24,pepX_85,pyrG_22,recG_32,rplB_23,uvrA_29,New
255,256,clpA_35,clpX_24,nifS_24,pepX_85,pyrG_22,recG_32,rplB_24,uvrA_99,New
256,257,clpA_35,clpX_24,nifS_24,pepX_85,pyrG_22,recG_32,rplB_24,uvrA_28,New
257,258,clpA_35,clpX_24,nifS_24,pepX_85,pyrG_22,recG_32,rplB_24,uvrA_29,New
258,259,clpA_35,clpX_24,nifS_24,pepX_85,pyrG_22,recG_91,rplB_23,uvrA_99,New
259,260,clpA_35,clpX_24,nifS_24,pepX_85,pyrG_22,recG_91,rplB_23,uvrA_28,New
260,261,clpA_35,clpX_24,nifS_24,pepX_85,pyrG_22,recG_91,rplB_23,uvrA_29,New
261,262,clpA_35,clpX_24,nifS_24,pepX_85,pyrG_22,recG_91,rplB_24,uvrA_99,New
262,263,clpA_35,clpX_24,nifS_24,pepX_85,pyrG_22,recG_91,rplB_24,uvrA_28,New
263,264,clpA_35,clpX_24,nifS_24,pepX_85,pyrG_22,recG_91,rplB_24,uvrA_29,New
264,265,clpA_35,clpX_24,nifS_24,pepX_85,pyrG_22,recG_29,rplB_23,uvrA_99,New
265,266,clpA_35,clpX_24,nifS_24,pepX_85,pyrG_22,recG_29,rplB_23,uvrA_28,New
266,267,clpA_35,clpX_24,nifS_24,pepX_85,pyrG_22,recG_29,rplB_23,uvrA_29,New
267,268,clpA_35,clpX_24,nifS_24,pepX_85,pyrG_22,recG_29,rplB_24,uvrA_99,New
268,269,clpA_35,clpX_24,nifS_24,pepX_85,pyrG_22,recG_29,rplB_24,uvrA_28,New
269,270,clpA_35,clpX_24,nifS_24,pepX_85,pyrG_22,recG_29,rplB_24,uvrA_29,New
270,271,clpA_35,clpX_24,nifS_24,pepX_31,pyrG_96,recG_32,rplB_23,uvrA_99,New
271,272,clpA_35,clpX_24,nifS_24,pepX_31,pyrG_96,recG_32,rplB_23,uvrA_28,New
272,273,clpA_35,clpX_24,nifS_24,pepX_31,pyrG_96,recG_32,rplB_23,uvrA_29,New
273,274,clpA_35,clpX_24,nifS_24,pepX_31,pyrG_96,recG_32,rplB_24,uvrA_99,New
274,275,clpA_35,clpX_24,nifS_24,pepX_31,pyrG_96,recG_32,rplB_24,uvrA_28,New
275,276,clpA_35,clpX_24,nifS_24,pepX_31,pyrG_96,recG_32,rplB_24,uvrA_29,New
276,277,clpA_35,clpX_24,nifS_24,pepX_31,pyrG_96,recG_91,rplB_23,uvrA_99,New
277,278,clpA_35,clpX_24,nifS_24,pepX_31,pyrG_96,recG_91,rplB_23,uvrA_28,New
278,279,clpA_35,clpX_24,nifS_24,pepX_31,pyrG_96,recG_91,rplB_23,uvrA_29,New
279,280,clpA_35,clpX_24,nifS_24,pepX_31,pyrG_96,recG_91,rplB_24,uvrA_99,New
280,281,clpA_35,clpX_24,nifS_24,pepX_31,pyrG_96,recG_91,rplB_24,uvrA_28,New
281,282,clpA_35,clpX_24,nifS_24,pepX_31,pyrG_96,recG_91,rplB_24,uvrA_29,New
282,283,clpA_35,clpX_24,nifS_24,pepX_31,pyrG_96,recG_29,rplB_23,uvrA_99,New
283,284,clpA_35,clpX_24,nifS_24,pepX_31,pyrG_96,recG_29,rplB_23,uvrA_28,New
284,285,clpA_35,clpX_24,nifS_24,pepX_31,pyrG_96,recG_29,rplB_23,uvrA_29,New
285,286,clpA_35,clpX_24,nifS_24,pepX_31,pyrG_96,recG_29,rplB_24,uvrA_99,New
286,287,clpA_35,clpX_24,nifS_24,pepX_31,pyrG_96,recG_29,rplB_24,uvrA_28,New
287,288,clpA_35,clpX_24,nifS_24,pepX_31,pyrG_96,recG_29,rplB_24,uvrA_29,New
288,289,clpA_35,clpX_24,nifS_24,pepX_31,pyrG_44,recG_32,rplB_23,uvrA_99,New
289,290,clpA_35,clpX_24,nifS_24,pepX_31,pyrG_44,recG_32,rplB_23,uvrA_28,New
290,291,clpA_35,clpX_24,nifS_24,pepX_31,pyrG_44,recG_32,rplB_23,uvrA_29,New
291,292,clpA_35,clpX_24,nifS_24,pepX_31,pyrG_44,recG_32,rplB_24,uvrA_99,New
292,293,clpA_35,clpX_24,nifS_24,pepX_31,pyrG_44,recG_32,rplB_24,uvrA_28,New
293,294,clpA_35,clpX_24,nifS_24,pepX_31,pyrG_44,recG_32,rplB_24,uvrA_29,New
294,295,clpA_35,clpX_24,nifS_24,pepX_31,pyrG_44,recG_91,rplB_23,uvrA_99,New
295,296,clpA_35,clpX_24,nifS_24,pepX_31,pyrG_44,recG_91,rplB_23,uvrA_28,New
296,297,clpA_35,clpX_24,nifS_24,pepX_31,pyrG_44,recG_91,rplB_23,uvrA_29,New
297,298,clpA_35,clpX_24,nifS_24,pepX_31,pyrG_44,recG_91,rplB_24,uvrA_99,New
298,299,clpA_35,clpX_24,nifS_24,pepX_31,pyrG_44,recG_91,rplB_24,uvrA_28,New
299,300,clpA_35,clpX_24,nifS_24,pepX_31,pyrG_44,recG_91,rplB_24,uvrA_29,New
300,301,clpA_35,clpX_24,nifS_24,pepX_31,pyrG_44,recG_29,rplB_23,uvrA_99,New
301,302,clpA_35,clpX_24,nifS_24,pepX_31,pyrG_44,recG_29,rplB_23,uvrA_28,New
302,303,clpA_35,clpX_24,nifS_24,pepX_31,pyrG_44,recG_29,rplB_23,uvrA_29,New
303,304,clpA_35,clpX_24,nifS_24,pepX_31,pyrG_44,recG_29,rplB_24,uvrA_99,New
304,305,clpA_35,clpX_24,nifS_24,pepX_31,pyrG_44,recG_29,rplB_24,uvrA_28,New
305,306,clpA_35,clpX_24,nifS_24,pepX_31,pyrG_44,recG_29,rplB_24,uvrA_29,New
306,307,clpA_35,clpX_24,nifS_24,pepX_31,pyrG_22,recG_32,rplB_23,uvrA_99,New
307,308,clpA_35,clpX_24,nifS_24,pepX_31,pyrG_22,recG_32,rplB_23,uvrA_28,New
308,309,clpA_35,clpX_24,nifS_24,pepX_31,pyrG_22,recG_32,rplB_23,uvrA_29,New
309,310,clpA_35,clpX_24,nifS_24,pepX_31,pyrG_22,recG_32,rplB_24,uvrA_99,New
310,311,clpA_35,clpX_24,nifS_24,pepX_31,pyrG_22,recG_32,rplB_24,uvrA_28,New
311,312,clpA_35,clpX_24,nifS_24,pepX_31,pyrG_22,recG_32,rplB_24,uvrA_29,New
312,313,clpA_35,clpX_24,nifS_24,pepX_31,pyrG_22,recG_91,rplB_23,uvrA_99,New
313,314,clpA_35,clpX_24,nifS_24,pepX_31,pyrG_22,recG_91,rplB_23,uvrA_28,New
314,315,clpA_35,clpX_24,nifS_24,pepX_31,pyrG_22,recG_91,rplB_23,uvrA_29,New
315,316,clpA_35,clpX_24,nifS_24,pepX_31,pyrG_22,recG_91,rplB_24,uvrA_99,New
316,317,clpA_35,clpX_24,nifS_24,pepX_31,pyrG_22,recG_91,rplB_24,uvrA_28,New
317,318,clpA_35,clpX_24,nifS_24,pepX_31,pyrG_22,recG_91,rplB_24,uvrA_29,New
318,319,clpA_35,clpX_24,nifS_24,pepX_31,pyrG_22,recG_29,rplB_23,uvrA_99,New
319,320,clpA_35,clpX_24,nifS_24,pepX_31,pyrG_22,recG_29,rplB_23,uvrA_28,New
320,321,clpA_35,clpX_24,nifS_24,pepX_31,pyrG_22,recG_29,rplB_23,uvrA_29,New
321,322,clpA_35,clpX_24,nifS_24,pepX_31,pyrG_22,recG_29,rplB_24,uvrA_99,New
322,323,clpA_35,clpX_24,nifS_24,pepX_31,pyrG_22,recG_29,rplB_24,uvrA_28,New
323,324,clpA_35,clpX_24,nifS_24,pepX_31,pyrG_22,recG_29,rplB_24,uvrA_29,New
324,325,clpA_37,clpX_24,nifS_23,pepX_49,pyrG_96,recG_32,rplB_23,uvrA_99,New
325,326,clpA_37,clpX_24,nifS_23,pepX_49,pyrG_96,recG_32,rplB_23,uvrA_28,New
326,327,clpA_37,clpX_24,nifS_23,pepX_49,pyrG_96,recG_32,rplB_23,uvrA_29,New
327,328,clpA_37,clpX_24,nifS_23,pepX_49,pyrG_96,recG_32,rplB_24,uvrA_99,New
328,329,clpA_37,clpX_24,nifS_23,pepX_49,pyrG_96,recG_32,rplB_24,uvrA_28,New
329,330,clpA_37,clpX_24,nifS_23,pepX_49,pyrG_96,recG_32,rplB_24,uvrA_29,New
330,331,clpA_37,clpX_24,nifS_23,pepX_49,pyrG_96,recG_91,rplB_23,uvrA_99,New
331,332,clpA_37,clpX_24,nifS_23,pepX_49,pyrG_96,recG_91,rplB_23,uvrA_28,New
332,333,clpA_37,clpX_24,nifS_23,pepX_49,pyrG_96,recG_91,rplB_23,uvrA_29,New
333,334,clpA_37,clpX_24,nifS_23,pepX_49,pyrG_96,recG_91,rplB_24,uvrA_99,New
334,335,clpA_37,clpX_24,nifS_23,pepX_49,pyrG_96,recG_91,rplB_24,uvrA_28,New
335,336,clpA_37,clpX_24,nifS_23,pepX_49,pyrG_96,recG_91,rplB_24,uvrA_29,New
336,337,clpA_37,clpX_24,nifS_23,pepX_49,pyrG_96,recG_29,rplB_23,uvrA_99,New
337,338,clpA_37,clpX_24,nifS_23,pepX_49,pyrG_96,recG_29,rplB_23,uvrA_28,New
338,339,clpA_37,clpX_24,nifS_23,pepX_49,pyrG_96,recG_29,rplB_23,uvrA_29,New
339,340,clpA_37,clpX_24,nifS_23,pepX_49,pyrG_96,recG_29,rplB_24,uvrA_99,New
340,341,clpA_37,clpX_24,nifS_23,pepX_49,pyrG_96,recG_29,rplB_24,uvrA_28,New
341,342,clpA_37,clpX_24,nifS_23,pepX_49,pyrG_96,recG_29,rplB_24,uvrA_29,New
342,343,clpA_37,clpX_24,nifS_23,pepX_49,pyrG_44,recG_32,rplB_23,uvrA_99,New
343,344,clpA_37,clpX_24,nifS_23,pepX_49,pyrG_44,recG_32,rplB_23,uvrA_28,New
344,345,clpA_37,clpX_24,nifS_23,pepX_49,pyrG_44,recG_32,rplB_23,uvrA_29,New
345,346,clpA_37,clpX_24,nifS_23,pepX_49,pyrG_44,recG_32,rplB_24,uvrA_99,New
346,347,clpA_37,clpX_24,nifS_23,pepX_49,pyrG_44,recG_32,rplB_24,uvrA_28,New
347,348,clpA_37,clpX_24,nifS_23,pepX_49,pyrG_44,recG_32,rplB_24,uvrA_29,New
348,349,clpA_37,clpX_24,nifS_23,pepX_49,pyrG_44,recG_91,rplB_23,uvrA_99,New
349,350,clpA_37,clpX_24,nifS_23,pepX_49,pyrG_44,recG_91,rplB_23,uvrA_28,New
350,351,clpA_37,clpX_24,nifS_23,pepX_49,pyrG_44,recG_91,rplB_23,uvrA_29,New
351,352,clpA_37,clpX_24,nifS_23,pepX_49,pyrG_44,recG_91,rplB_24,uvrA_99,New
352,353,clpA_37,clpX_24,nifS_23,pepX_49,pyrG_44,recG_91,rplB_24,uvrA_28,New
353,354,clpA_37,clpX_24,nifS_23,pepX_49,pyrG_44,recG_91,rplB_24,uvrA_29,New
354,355,clpA_37,clpX_24,nifS_23,pepX_49,pyrG_44,recG_29,rplB_23,uvrA_99,New
355,356,clpA_37,clpX_24,nifS_23,pepX_49,pyrG_44,recG_29,rplB_23,uvrA_28,New
356,357,clpA_37,clpX_24,nifS_23,pepX_49,pyrG_44,recG_29,rplB_23,uvrA_29,New
357,358,clpA_37,clpX_24,nifS_23,pepX_49,pyrG_44,recG_29,rplB_24,uvrA_99,New
358,359,clpA_37,clpX_24,nifS_23,pepX_49,pyrG_44,recG_29,rplB_24,uvrA_28,New
359,360,clpA_37,clpX_24,nifS_23,pepX_49,pyrG_44,recG_29,rplB_24,uvrA_29,New
360,361,clpA_37,clpX_24,nifS_23,pepX_49,pyrG_22,recG_32,rplB_23,uvrA_99,New
361,362,clpA_37,clpX_24,nifS_23,pepX_49,pyrG_22,recG_32,rplB_23,uvrA_28,New
362,363,clpA_37,clpX_24,nifS_23,pepX_49,pyrG_22,recG_32,rplB_23,uvrA_29,New
363,364,clpA_37,clpX_24,nifS_23,pepX_49,pyrG_22,recG_32,rplB_24,uvrA_99,New
364,365,clpA_37,clpX_24,nifS_23,pepX_49,pyrG_22,recG_32,rplB_24,uvrA_28,New
365,366,clpA_37,clpX_24,nifS_23,pepX_49,pyrG_22,recG_32,rplB_24,uvrA_29,New
366,367,clpA_37,clpX_24,nifS_23,pepX_49,pyrG_22,recG_91,rplB_23,uvrA_99,New
367,368,clpA_37,clpX_24,nifS_23,pepX_49,pyrG_22,recG_91,rplB_23,uvrA_28,New
368,369,clpA_37,clpX_24,nifS_23,pepX_49,pyrG_22,recG_91,rplB_23,uvrA_29,New
369,370,clpA_37,clpX_24,nifS_23,pepX_49,pyrG_22,recG_91,rplB_24,uvrA_99,New
370,371,clpA_37,clpX_24,nifS_23,pepX_49,pyrG_22,recG_91,rplB_24,uvrA_28,New
371,372,clpA_37,clpX_24,nifS_23,pepX_49,pyrG_22,recG_91,rplB_24,uvrA_29,New
372,373,clpA_37,clpX_24,nifS_23,pepX_49,pyrG_22,recG_29,rplB_23,uvrA_99,New
373,374,clpA_37,clpX_24,nifS_23,pepX_49,pyrG_22,recG_29,rplB_23,uvrA_28,New
374,375,clpA_37,clpX_24,nifS_23,pepX_49,pyrG_22,recG_29,rplB_23,uvrA_29,New
375,376,clpA_37,clpX_24,nifS_23,pepX_49,pyrG_22,recG_29,rplB_24,uvrA_99,New
376,377,clpA_37,clpX_24,nifS_23,pepX_49,pyrG_22,recG_29,rplB_24,uvrA_28,New
377,378,clpA_37,clpX_24,nifS_23,pepX_49,pyrG_22,recG_29,rplB_24,uvrA_29,New
378,379,clpA_37,clpX_24,nifS_23,pepX_85,pyrG_96,recG_32,rplB_23,uvrA_99,New
379,380,clpA_37,clpX_24,nifS_23,pepX_85,pyrG_96,recG_32,rplB_23,uvrA_28,New
380,381,clpA_37,clpX_24,nifS_23,pepX_85,pyrG_96,recG_32,rplB_23,uvrA_29,New
381,382,clpA_37,clpX_24,nifS_23,pepX_85,pyrG_96,recG_32,rplB_24,uvrA_99,New
382,383,clpA_37,clpX_24,nifS_23,pepX_85,pyrG_96,recG_32,rplB_24,uvrA_28,New
383,384,clpA_37,clpX_24,nifS_23,pepX_85,pyrG_96,recG_32,rplB_24,uvrA_29,New
384,385,clpA_37,clpX_24,nifS_23,pepX_85,pyrG_96,recG_91,rplB_23,uvrA_99,New
385,386,clpA_37,clpX_24,nifS_23,pepX_85,pyrG_96,recG_91,rplB_23,uvrA_28,New
386,387,clpA_37,clpX_24,nifS_23,pepX_85,pyrG_96,recG_91,rplB_23,uvrA_29,New
387,388,clpA_37,clpX_24,nifS_23,pepX_85,pyrG_96,recG_91,rplB_24,uvrA_99,New
388,389,clpA_37,clpX_24,nifS_23,pepX_85,pyrG_96,recG_91,rplB_24,uvrA_28,New
389,390,clpA_37,clpX_24,nifS_23,pepX_85,pyrG_96,recG_91,rplB_24,uvrA_29,New
390,391,clpA_37,clpX_24,nifS_23,pepX_85,pyrG_96,recG_29,rplB_23,uvrA_99,New
391,392,clpA_37,clpX_24,nifS_23,pepX_85,pyrG_96,recG_29,rplB_23,uvrA_28,New
392,393,clpA_37,clpX_24,nifS_23,pepX_85,pyrG_96,recG_29,rplB_23,uvrA_29,New
393,394,clpA_37,clpX_24,nifS_23,pepX_85,pyrG_96,recG_29,rplB_24,uvrA_99,New
394,395,clpA_37,clpX_24,nifS_23,pepX_85,pyrG_96,recG_29,rplB_24,uvrA_28,New
395,396,clpA_37,clpX_24,nifS_23,pepX_85,pyrG_96,recG_29,rplB_24,uvrA_29,New
396,397,clpA_37,clpX_24,nifS_23,pepX_85,pyrG_44,recG_32,rplB_23,uvrA_99,New
397,398,clpA_37,clpX_24,nifS_23,pepX_85,pyrG_44,recG_32,rplB_23,uvrA_28,New
398,399,clpA_37,clpX_24,nifS_23,pepX_85,pyrG_44,recG_32,rplB_23,uvrA_29,New
399,400,clpA_37,clpX_24,nifS_23,pepX_85,pyrG_44,recG_32,rplB_24,uvrA_99,New
400,401,clpA_37,clpX_24,nifS_23,pepX_85,pyrG_44,recG_32,rplB_24,uvrA_28,New
401,402,clpA_37,clpX_24,nifS_23,pepX_85,pyrG_44,recG_32,rplB_24,uvrA_29,New
402,403,clpA_37,clpX_24,nifS_23,pepX_85,pyrG_44,recG_91,rplB_23,uvrA_99,New
403,404,clpA_37,clpX_24,nifS_23,pepX_85,pyrG_44,recG_91,rplB_23,uvrA_28,New
404,405,clpA_37,clpX_24,nifS_23,pepX_85,pyrG_44,recG_91,rplB_23,uvrA_29,New
405,406,clpA_37,clpX_24,nifS_23,pepX_85,pyrG_44,recG_91,rplB_24,uvrA_99,New
406,407,clpA_37,clpX_24,nifS_23,pepX_85,pyrG_44,recG_91,rplB_24,uvrA_28,New
407,408,clpA_37,clpX_24,nifS_23,pepX_85,pyrG_44,recG_91,rplB_24,uvrA_29,New
408,409,clpA_37,clpX_24,nifS_23,pepX_85,pyrG_44,recG_29,rplB_23,uvrA_99,New
409,410,clpA_37,clpX_24,nifS_23,pepX_85,pyrG_44,recG_29,rplB_23,uvrA_28,New
410,411,clpA_37,clpX_24,nifS_23,pepX_85,pyrG_44,recG_29,rplB_23,uvrA_29,New
411,412,clpA_37,clpX_24,nifS_23,pepX_85,pyrG_44,recG_29,rplB_24,uvrA_99,New
412,413,clpA_37,clpX_24,nifS_23,pepX_85,pyrG_44,recG_29,rplB_24,uvrA_28,New
413,414,clpA_37,clpX_24,nifS_23,pepX_85,pyrG_44,recG_29,rplB_24,uvrA_29,New
414,415,clpA_37,clpX_24,nifS_23,pepX_85,pyrG_22,recG_32,rplB_23,uvrA_99,New
415,416,clpA_37,clpX_24,nifS_23,pepX_85,pyrG_22,recG_32,rplB_23,uvrA_28,New
416,417,clpA_37,clpX_24,nifS_23,pepX_85,pyrG_22,recG_32,rplB_23,uvrA_29,New
417,418,clpA_37,clpX_24,nifS_23,pepX_85,pyrG_22,recG_32,rplB_24,uvrA_99,New
418,419,clpA_37,clpX_24,nifS_23,pepX_85,pyrG_22,recG_32,rplB_24,uvrA_28,New
419,420,clpA_37,clpX_24,nifS_23,pepX_85,pyrG_22,recG_32,rplB_24,uvrA_29,New
420,421,clpA_37,clpX_24,nifS_23,pepX_85,pyrG_22,recG_91,rplB_23,uvrA_99,New
421,422,clpA_37,clpX_24,nifS_23,pepX_85,pyrG_22,recG_91,rplB_23,uvrA_28,New
422,423,clpA_37,clpX_24,nifS_23,pepX_85,pyrG_22,recG_91,rplB_23,uvrA_29,New
423,424,clpA_37,clpX_24,nifS_23,pepX_85,pyrG_22,recG_91,rplB_24,uvrA_99,New
424,425,clpA_37,clpX_24,nifS_23,pepX_85,pyrG_22,recG_91,rplB_24,uvrA_28,New
425,426,clpA_37,clpX_24,nifS_23,pepX_85,pyrG_22,recG_91,rplB_24,uvrA_29,New
426,427,clpA_37,clpX_24,nifS_23,pepX_85,pyrG_22,recG_29,rplB_23,uvrA_99,New
427,428,clpA_37,clpX_24,nifS_23,pepX_85,pyrG_22,recG_29,rplB_23,uvrA_28,New
428,429,clpA_37,clpX_24,nifS_23,pepX_85,pyrG_22,recG_29,rplB_23,uvrA_29,New
429,430,clpA_37,clpX_24,nifS_23,pepX_85,pyrG_22,recG_29,rplB_24,uvrA_99,New
430,431,clpA_37,clpX_24,nifS_23,pepX_85,pyrG_22,recG_29,rplB_24,uvrA_28,New
431,432,clpA_37,clpX_24,nifS_23,pepX_85,pyrG_22,recG_29,rplB_24,uvrA_29,New
432,433,clpA_37,clpX_24,nifS_23,pepX_31,pyrG_96,recG_32,rplB_23,uvrA_99,New
433,434,clpA_37,clpX_24,nifS_23,pepX_31,pyrG_96,recG_32,rplB_23,uvrA_28,New
434,435,clpA_37,clpX_24,nifS_23,pepX_31,pyrG_96,recG_32,rplB_23,uvrA_29,New
435,436,clpA_37,clpX_24,nifS_23,pepX_31,pyrG_96,recG_32,rplB_24,uvrA_99,New
436,437,clpA_37,clpX_24,nifS_23,pepX_31,pyrG_96,recG_32,rplB_24,uvrA_28,New
437,438,clpA_37,clpX_24,nifS_23,pepX_31,pyrG_96,recG_32,rplB_24,uvrA_29,New
438,439,clpA_37,clpX_24,nifS_23,pepX_31,pyrG_96,recG_91,rplB_23,uvrA_99,New
439,440,clpA_37,clpX_24,nifS_23,pepX_31,pyrG_96,recG_91,rplB_23,uvrA_28,New
440,441,clpA_37,clpX_24,nifS_23,pepX_31,pyrG_96,recG_91,rplB_23,uvrA_29,New
441,442,clpA_37,clpX_24,nifS_23,pepX_31,pyrG_96,recG_91,rplB_24,uvrA_99,New
442,443,clpA_37,clpX_24,nifS_23,pepX_31,pyrG_96,recG_91,rplB_24,uvrA_28,New
443,444,clpA_37,clpX_24,nifS_23,pepX_31,pyrG_96,recG_91,rplB_24,uvrA_29,New
444,445,clpA_37,clpX_24,nifS_23,pepX_31,pyrG_96,recG_29,rplB_23,uvrA_99,New
445,446,clpA_37,clpX_24,nifS_23,pepX_31,pyrG_96,recG_29,rplB_23,uvrA_28,New
446,447,clpA_37,clpX_24,nifS_23,pepX_31,pyrG_96,recG_29,rplB_23,uvrA_29,New
447,448,clpA_37,clpX_24,nifS_23,pepX_31,pyrG_96,recG_29,rplB_24,uvrA_99,New
448,449,clpA_37,clpX_24,nifS_23,pepX_31,pyrG_96,recG_29,rplB_24,uvrA_28,New
449,450,clpA_37,clpX_24,nifS_23,pepX_31,pyrG_96,recG_29,rplB_24,uvrA_29,New
450,451,clpA_37,clpX_24,nifS_23,pepX_31,pyrG_44,recG_32,rplB_23,uvrA_99,New
451,452,clpA_37,clpX_24,nifS_23,pepX_31,pyrG_44,recG_32,rplB_23,uvrA_28,New
452,453,clpA_37,clpX_24,nifS_23,pepX_31,pyrG_44,recG_32,rplB_23,uvrA_29,New
453,454,clpA_37,clpX_24,nifS_23,pepX_31,pyrG_44,recG_32,rplB_24,uvrA_99,New
454,455,clpA_37,clpX_24,nifS_23,pepX_31,pyrG_44,recG_32,rplB_24,uvrA_28,New
455,456,clpA_37,clpX_24,nifS_23,pepX_31,pyrG_44,recG_32,rplB_24,uvrA_29,New
456,457,clpA_37,clpX_24,nifS_23,pepX_31,pyrG_44,recG_91,rplB_23,uvrA_99,New
457,458,clpA_37,clpX_24,nifS_23,pepX_31,pyrG_44,recG_91,rplB_23,uvrA_28,New
458,459,clpA_37,clpX_24,nifS_23,pepX_31,pyrG_44,recG_91,rplB_23,uvrA_29,New
459,460,clpA_37,clpX_24,nifS_23,pepX_31,pyrG_44,recG_91,rplB_24,uvrA_99,New
460,461,clpA_37,clpX_24,nifS_23,pepX_31,pyrG_44,recG_91,rplB_24,uvrA_28,New
461,462,clpA_37,clpX_24,nifS_23,pepX_31,pyrG_44,recG_91,rplB_24,uvrA_29,New
462,463,clpA_37,clpX_24,nifS_23,pepX_31,pyrG_44,recG_29,rplB_23,uvrA_99,New
463,464,clpA_37,clpX_24,nifS_23,pepX_31,pyrG_44,recG_29,rplB_23,uvrA_28,New
464,465,clpA_37,clpX_24,nifS_23,pepX_31,pyrG_44,recG_29,rplB_23,uvrA_29,New
465,466,clpA_37,clpX_24,nifS_23,pepX_31,pyrG_44,recG_29,rplB_24,uvrA_99,New
466,467,clpA_37,clpX_24,nifS_23,pepX_31,pyrG_44,recG_29,rplB_24,uvrA_28,New
467,468,clpA_37,clpX_24,nifS_23,pepX_31,pyrG_44,recG_29,rplB_24,uvrA_29,New
468,469,clpA_37,clpX_24,nifS_23,pepX_31,pyrG_22,recG_32,rplB_23,uvrA_99,New
469,470,clpA_37,clpX_24,nifS_23,pepX_31,pyrG_22,recG_32,rplB_23,uvrA_28,New
470,471,clpA_37,clpX_24,nifS_23,pepX_31,pyrG_22,recG_32,rplB_23,uvrA_29,New
471,472,clpA_37,clpX_24,nifS_23,pepX_31,pyrG_22,recG_32,rplB_24,uvrA_99,New
472,473,clpA_37,clpX_24,nifS_23,pepX_31,pyrG_22,recG_32,rplB_24,uvrA_28,New
473,474,clpA_37,clpX_24,nifS_23,pepX_31,pyrG_22,recG_32,rplB_24,uvrA_29,New
474,475,clpA_37,clpX_24,nifS_23,pepX_31,pyrG_22,recG_91,rplB_23,uvrA_99,New
475,476,clpA_37,clpX_24,nifS_23,pepX_31,pyrG_22,recG_91,rplB_23,uvrA_28,New
476,477,clpA_37,clpX_24,nifS_23,pepX_31,pyrG_22,recG_91,rplB_23,uvrA_29,New
477,478,clpA_37,clpX_24,nifS_23,pepX_31,pyrG_22,recG_91,rplB_24,uvrA_99,New
478,479,clpA_37,clpX_24,nifS_23,pepX_31,pyrG_22,recG_91,rplB_24,uvrA_28,New
479,480,clpA_37,clpX_24,nifS_23,pepX_31,pyrG_22,recG_91,rplB_24,uvrA_29,New
480,481,clpA_37,clpX_24,nifS_23,pepX_31,pyrG_22,recG_29,rplB_23,uvrA_99,New
481,482,clpA_37,clpX_24,nifS_23,pepX_31,pyrG_22,recG_29,rplB_23,uvrA_28,Existing
482,483,clpA_37,clpX_24,nifS_23,pepX_31,pyrG_22,recG_29,rplB_23,uvrA_29,New
483,484,clpA_37,clpX_24,nifS_23,pepX_31,pyrG_22,recG_29,rplB_24,uvrA_99,New
484,485,clpA_37,clpX_24,nifS_23,pepX_31,pyrG_22,recG_29,rplB_24,uvrA_28,New
485,486,clpA_37,clpX_24,nifS_23,pepX_31,pyrG_22,recG_29,rplB_24,uvrA_29,New
486,487,clpA_37,clpX_24,nifS_24,pepX_49,pyrG_96,recG_32,rplB_23,uvrA_99,New
487,488,clpA_37,clpX_24,nifS_24,pepX_49,pyrG_96,recG_32,rplB_23,uvrA_28,New
488,489,clpA_37,clpX_24,nifS_24,pepX_49,pyrG_96,recG_32,rplB_23,uvrA_29,New
489,490,clpA_37,clpX_24,nifS_24,pepX_49,pyrG_96,recG_32,rplB_24,uvrA_99,New
490,491,clpA_37,clpX_24,nifS_24,pepX_49,pyrG_96,recG_32,rplB_24,uvrA_28,New
491,492,clpA_37,clpX_24,nifS_24,pepX_49,pyrG_96,recG_32,rplB_24,uvrA_29,New
492,493,clpA_37,clpX_24,nifS_24,pepX_49,pyrG_96,recG_91,rplB_23,uvrA_99,New
493,494,clpA_37,clpX_24,nifS_24,pepX_49,pyrG_96,recG_91,rplB_23,uvrA_28,New
494,495,clpA_37,clpX_24,nifS_24,pepX_49,pyrG_96,recG_91,rplB_23,uvrA_29,New
495,496,clpA_37,clpX_24,nifS_24,pepX_49,pyrG_96,recG_91,rplB_24,uvrA_99,New
496,497,clpA_37,clpX_24,nifS_24,pepX_49,pyrG_96,recG_91,rplB_24,uvrA_28,New
497,498,clpA_37,clpX_24,nifS_24,pepX_49,pyrG_96,recG_91,rplB_24,uvrA_29,New
498,499,clpA_37,clpX_24,nifS_24,pepX_49,pyrG_96,recG_29,rplB_23,uvrA_99,New
499,500,clpA_37,clpX_24,nifS_24,pepX_49,pyrG_96,recG_29,rplB_23,uvrA_28,New
500,501,clpA_37,clpX_24,nifS_24,pepX_49,pyrG_96,recG_29,rplB_23,uvrA_29,New
501,502,clpA_37,clpX_24,nifS_24,pepX_49,pyrG_96,recG_29,rplB_24,uvrA_99,New
502,503,clpA_37,clpX_24,nifS_24,pepX_49,pyrG_96,recG_29,rplB_24,uvrA_28,New
503,504,clpA_37,clpX_24,nifS_24,pepX_49,pyrG_96,recG_29,rplB_24,uvrA_29,New
504,505,clpA_37,clpX_24,nifS_24,pepX_49,pyrG_44,recG_32,rplB_23,uvrA_99,New
505,506,clpA_37,clpX_24,nifS_24,pepX_49,pyrG_44,recG_32,rplB_23,uvrA_28,New
506,507,clpA_37,clpX_24,nifS_24,pepX_49,pyrG_44,recG_32,rplB_23,uvrA_29,New
507,508,clpA_37,clpX_24,nifS_24,pepX_49,pyrG_44,recG_32,rplB_24,uvrA_99,New
508,509,clpA_37,clpX_24,nifS_24,pepX_49,pyrG_44,recG_32,rplB_24,uvrA_28,New
509,510,clpA_37,clpX_24,nifS_24,pepX_49,pyrG_44,recG_32,rplB_24,uvrA_29,New
510,511,clpA_37,clpX_24,nifS_24,pepX_49,pyrG_44,recG_91,rplB_23,uvrA_99,New
511,512,clpA_37,clpX_24,nifS_24,pepX_49,pyrG_44,recG_91,rplB_23,uvrA_28,New
512,513,clpA_37,clpX_24,nifS_24,pepX_49,pyrG_44,recG_91,rplB_23,uvrA_29,New
513,514,clpA_37,clpX_24,nifS_24,pepX_49,pyrG_44,recG_91,rplB_24,uvrA_99,New
514,515,clpA_37,clpX_24,nifS_24,pepX_49,pyrG_44,recG_91,rplB_24,uvrA_28,New
515,516,clpA_37,clpX_24,nifS_24,pepX_49,pyrG_44,recG_91,rplB_24,uvrA_29,New
516,517,clpA_37,clpX_24,nifS_24,pepX_49,pyrG_44,recG_29,rplB_23,uvrA_99,New
517,518,clpA_37,clpX_24,nifS_24,pepX_49,pyrG_44,recG_29,rplB_23,uvrA_28,New
518,519,clpA_37,clpX_24,nifS_24,pepX_49,pyrG_44,recG_29,rplB_23,uvrA_29,New
519,520,clpA_37,clpX_24,nifS_24,pepX_49,pyrG_44,recG_29,rplB_24,uvrA_99,New
520,521,clpA_37,clpX_24,nifS_24,pepX_49,pyrG_44,recG_29,rplB_24,uvrA_28,New
521,522,clpA_37,clpX_24,nifS_24,pepX_49,pyrG_44,recG_29,rplB_24,uvrA_29,New
522,523,clpA_37,clpX_24,nifS_24,pepX_49,pyrG_22,recG_32,rplB_23,uvrA_99,New
523,524,clpA_37,clpX_24,nifS_24,pepX_49,pyrG_22,recG_32,rplB_23,uvrA_28,New
524,525,clpA_37,clpX_24,nifS_24,pepX_49,pyrG_22,recG_32,rplB_23,uvrA_29,New
525,526,clpA_37,clpX_24,nifS_24,pepX_49,pyrG_22,recG_32,rplB_24,uvrA_99,New
526,527,clpA_37,clpX_24,nifS_24,pepX_49,pyrG_22,recG_32,rplB_24,uvrA_28,New
527,528,clpA_37,clpX_24,nifS_24,pepX_49,pyrG_22,recG_32,rplB_24,uvrA_29,New
528,529,clpA_37,clpX_24,nifS_24,pepX_49,pyrG_22,recG_91,rplB_23,uvrA_99,New
529,530,clpA_37,clpX_24,nifS_24,pepX_49,pyrG_22,recG_91,rplB_23,uvrA_28,New
530,531,clpA_37,clpX_24,nifS_24,pepX_49,pyrG_22,recG_91,rplB_23,uvrA_29,New
531,532,clpA_37,clpX_24,nifS_24,pepX_49,pyrG_22,recG_91,rplB_24,uvrA_99,New
532,533,clpA_37,clpX_24,nifS_24,pepX_49,pyrG_22,recG_91,rplB_24,uvrA_28,New
533,534,clpA_37,clpX_24,nifS_24,pepX_49,pyrG_22,recG_91,rplB_24,uvrA_29,New
534,535,clpA_37,clpX_24,nifS_24,pepX_49,pyrG_22,recG_29,rplB_23,uvrA_99,New
535,536,clpA_37,clpX_24,nifS_24,pepX_49,pyrG_22,recG_29,rplB_23,uvrA_28,New
536,537,clpA_37,clpX_24,nifS_24,pepX_49,pyrG_22,recG_29,rplB_23,uvrA_29,New
537,538,clpA_37,clpX_24,nifS_24,pepX_49,pyrG_22,recG_29,rplB_24,uvrA_99,New
538,539,clpA_37,clpX_24,nifS_24,pepX_49,pyrG_22,recG_29,rplB_24,uvrA_28,New
539,540,clpA_37,clpX_24,nifS_24,pepX_49,pyrG_22,recG_29,rplB_24,uvrA_29,New
540,541,clpA_37,clpX_24,nifS_24,pepX_85,pyrG_96,recG_32,rplB_23,uvrA_99,New
541,542,clpA_37,clpX_24,nifS_24,pepX_85,pyrG_96,recG_32,rplB_23,uvrA_28,New
542,543,clpA_37,clpX_24,nifS_24,pepX_85,pyrG_96,recG_32,rplB_23,uvrA_29,New
543,544,clpA_37,clpX_24,nifS_24,pepX_85,pyrG_96,recG_32,rplB_24,uvrA_99,New
544,545,clpA_37,clpX_24,nifS_24,pepX_85,pyrG_96,recG_32,rplB_24,uvrA_28,New
545,546,clpA_37,clpX_24,nifS_24,pepX_85,pyrG_96,recG_32,rplB_24,uvrA_29,New
546,547,clpA_37,clpX_24,nifS_24,pepX_85,pyrG_96,recG_91,rplB_23,uvrA_99,New
547,548,clpA_37,clpX_24,nifS_24,pepX_85,pyrG_96,recG_91,rplB_23,uvrA_28,New
548,549,clpA_37,clpX_24,nifS_24,pepX_85,pyrG_96,recG_91,rplB_23,uvrA_29,New
549,550,clpA_37,clpX_24,nifS_24,pepX_85,pyrG_96,recG_91,rplB_24,uvrA_99,New
550,551,clpA_37,clpX_24,nifS_24,pepX_85,pyrG_96,recG_91,rplB_24,uvrA_28,New
551,552,clpA_37,clpX_24,nifS_24,pepX_85,pyrG_96,recG_91,rplB_24,uvrA_29,New
552,553,clpA_37,clpX_24,nifS_24,pepX_85,pyrG_96,recG_29,rplB_23,uvrA_99,New
553,554,clpA_37,clpX_24,nifS_24,pepX_85,pyrG_96,recG_29,rplB_23,uvrA_28,New
554,555,clpA_37,clpX_24,nifS_24,pepX_85,pyrG_96,recG_29,rplB_23,uvrA_29,New
555,556,clpA_37,clpX_24,nifS_24,pepX_85,pyrG_96,recG_29,rplB_24,uvrA_99,New
556,557,clpA_37,clpX_24,nifS_24,pepX_85,pyrG_96,recG_29,rplB_24,uvrA_28,New
557,558,clpA_37,clpX_24,nifS_24,pepX_85,pyrG_96,recG_29,rplB_24,uvrA_29,New
558,559,clpA_37,clpX_24,nifS_24,pepX_85,pyrG_44,recG_32,rplB_23,uvrA_99,New
559,560,clpA_37,clpX_24,nifS_24,pepX_85,pyrG_44,recG_32,rplB_23,uvrA_28,New
560,561,clpA_37,clpX_24,nifS_24,pepX_85,pyrG_44,recG_32,rplB_23,uvrA_29,New
561,562,clpA_37,clpX_24,nifS_24,pepX_85,pyrG_44,recG_32,rplB_24,uvrA_99,New
562,563,clpA_37,clpX_24,nifS_24,pepX_85,pyrG_44,recG_32,rplB_24,uvrA_28,New
563,564,clpA_37,clpX_24,nifS_24,pepX_85,pyrG_44,recG_32,rplB_24,uvrA_29,New
564,565,clpA_37,clpX_24,nifS_24,pepX_85,pyrG_44,recG_91,rplB_23,uvrA_99,New
565,566,clpA_37,clpX_24,nifS_24,pepX_85,pyrG_44,recG_91,rplB_23,uvrA_28,New
566,567,clpA_37,clpX_24,nifS_24,pepX_85,pyrG_44,recG_91,rplB_23,uvrA_29,New
567,568,clpA_37,clpX_24,nifS_24,pepX_85,pyrG_44,recG_91,rplB_24,uvrA_99,New
568,569,clpA_37,clpX_24,nifS_24,pepX_85,pyrG_44,recG_91,rplB_24,uvrA_28,New
569,570,clpA_37,clpX_24,nifS_24,pepX_85,pyrG_44,recG_91,rplB_24,uvrA_29,New
570,571,clpA_37,clpX_24,nifS_24,pepX_85,pyrG_44,recG_29,rplB_23,uvrA_99,New
571,572,clpA_37,clpX_24,nifS_24,pepX_85,pyrG_44,recG_29,rplB_23,uvrA_28,New
572,573,clpA_37,clpX_24,nifS_24,pepX_85,pyrG_44,recG_29,rplB_23,uvrA_29,New
573,574,clpA_37,clpX_24,nifS_24,pepX_85,pyrG_44,recG_29,rplB_24,uvrA_99,New
574,575,clpA_37,clpX_24,nifS_24,pepX_85,pyrG_44,recG_29,rplB_24,uvrA_28,New
575,576,clpA_37,clpX_24,nifS_24,pepX_85,pyrG_44,recG_29,rplB_24,uvrA_29,New
576,577,clpA_37,clpX_24,nifS_24,pepX_85,pyrG_22,recG_32,rplB_23,uvrA_99,New
577,578,clpA_37,clpX_24,nifS_24,pepX_85,pyrG_22,recG_32,rplB_23,uvrA_28,New
578,579,clpA_37,clpX_24,nifS_24,pepX_85,pyrG_22,recG_32,rplB_23,uvrA_29,New
579,580,clpA_37,clpX_24,nifS_24,pepX_85,pyrG_22,recG_32,rplB_24,uvrA_99,New
580,581,clpA_37,clpX_24,nifS_24,pepX_85,pyrG_22,recG_32,rplB_24,uvrA_28,New
581,582,clpA_37,clpX_24,nifS_24,pepX_85,pyrG_22,recG_32,rplB_24,uvrA_29,New
582,583,clpA_37,clpX_24,nifS_24,pepX_85,pyrG_22,recG_91,rplB_23,uvrA_99,New
583,584,clpA_37,clpX_24,nifS_24,pepX_85,pyrG_22,recG_91,rplB_23,uvrA_28,New
584,585,clpA_37,clpX_24,nifS_24,pepX_85,pyrG_22,recG_91,rplB_23,uvrA_29,New
585,586,clpA_37,clpX_24,nifS_24,pepX_85,pyrG_22,recG_91,rplB_24,uvrA_99,New
586,587,clpA_37,clpX_24,nifS_24,pepX_85,pyrG_22,recG_91,rplB_24,uvrA_28,New
587,588,clpA_37,clpX_24,nifS_24,pepX_85,pyrG_22,recG_91,rplB_24,uvrA_29,New
588,589,clpA_37,clpX_24,nifS_24,pepX_85,pyrG_22,recG_29,rplB_23,uvrA_99,New
589,590,clpA_37,clpX_24,nifS_24,pepX_85,pyrG_22,recG_29,rplB_23,uvrA_28,New
590,591,clpA_37,clpX_24,nifS_24,pepX_85,pyrG_22,recG_29,rplB_23,uvrA_29,New
591,592,clpA_37,clpX_24,nifS_24,pepX_85,pyrG_22,recG_29,rplB_24,uvrA_99,New
592,593,clpA_37,clpX_24,nifS_24,pepX_85,pyrG_22,recG_29,rplB_24,uvrA_28,New
593,594,clpA_37,clpX_24,nifS_24,pepX_85,pyrG_22,recG_29,rplB_24,uvrA_29,New
594,595,clpA_37,clpX_24,nifS_24,pepX_31,pyrG_96,recG_32,rplB_23,uvrA_99,New
595,596,clpA_37,clpX_24,nifS_24,pepX_31,pyrG_96,recG_32,rplB_23,uvrA_28,New
596,597,clpA_37,clpX_24,nifS_24,pepX_31,pyrG_96,recG_32,rplB_23,uvrA_29,New
597,598,clpA_37,clpX_24,nifS_24,pepX_31,pyrG_96,recG_32,rplB_24,uvrA_99,New
598,599,clpA_37,clpX_24,nifS_24,pepX_31,pyrG_96,recG_32,rplB_24,uvrA_28,New
599,600,clpA_37,clpX_24,nifS_24,pepX_31,pyrG_96,recG_32,rplB_24,uvrA_29,New
600,601,clpA_37,clpX_24,nifS_24,pepX_31,pyrG_96,recG_91,rplB_23,uvrA_99,New
601,602,clpA_37,clpX_24,nifS_24,pepX_31,pyrG_96,recG_91,rplB_23,uvrA_28,New
602,603,clpA_37,clpX_24,nifS_24,pepX_31,pyrG_96,recG_91,rplB_23,uvrA_29,New
603,604,clpA_37,clpX_24,nifS_24,pepX_31,pyrG_96,recG_91,rplB_24,uvrA_99,New
604,605,clpA_37,clpX_24,nifS_24,pepX_31,pyrG_96,recG_91,rplB_24,uvrA_28,New
605,606,clpA_37,clpX_24,nifS_24,pepX_31,pyrG_96,recG_91,rplB_24,uvrA_29,New
606,607,clpA_37,clpX_24,nifS_24,pepX_31,pyrG_96,recG_29,rplB_23,uvrA_99,New
607,608,clpA_37,clpX_24,nifS_24,pepX_31,pyrG_96,recG_29,rplB_23,uvrA_28,New
608,609,clpA_37,clpX_24,nifS_24,pepX_31,pyrG_96,recG_29,rplB_23,uvrA_29,New
609,610,clpA_37,clpX_24,nifS_24,pepX_31,pyrG_96,recG_29,rplB_24,uvrA_99,New
610,611,clpA_37,clpX_24,nifS_24,pepX_31,pyrG_96,recG_29,rplB_24,uvrA_28,New
611,612,clpA_37,clpX_24,nifS_24,pepX_31,pyrG_96,recG_29,rplB_24,uvrA_29,New
612,613,clpA_37,clpX_24,nifS_24,pepX_31,pyrG_44,recG_32,rplB_23,uvrA_99,New
613,614,clpA_37,clpX_24,nifS_24,pepX_31,pyrG_44,recG_32,rplB_23,uvrA_28,New
614,615,clpA_37,clpX_24,nifS_24,pepX_31,pyrG_44,recG_32,rplB_23,uvrA_29,New
615,616,clpA_37,clpX_24,nifS_24,pepX_31,pyrG_44,recG_32,rplB_24,uvrA_99,New
616,617,clpA_37,clpX_24,nifS_24,pepX_31,pyrG_44,recG_32,rplB_24,uvrA_28,New
617,618,clpA_37,clpX_24,nifS_24,pepX_31,pyrG_44,recG_32,rplB_24,uvrA_29,New
618,619,clpA_37,clpX_24,nifS_24,pepX_31,pyrG_44,recG_91,rplB_23,uvrA_99,New
619,620,clpA_37,clpX_24,nifS_24,pepX_31,pyrG_44,recG_91,rplB_23,uvrA_28,New
620,621,clpA_37,clpX_24,nifS_24,pepX_31,pyrG_44,recG_91,rplB_23,uvrA_29,New
621,622,clpA_37,clpX_24,nifS_24,pepX_31,pyrG_44,recG_91,rplB_24,uvrA_99,New
622,623,clpA_37,clpX_24,nifS_24,pepX_31,pyrG_44,recG_91,rplB_24,uvrA_28,New
623,624,clpA_37,clpX_24,nifS_24,pepX_31,pyrG_44,recG_91,rplB_24,uvrA_29,New
624,625,clpA_37,clpX_24,nifS_24,pepX_31,pyrG_44,recG_29,rplB_23,uvrA_99,New
625,626,clpA_37,clpX_24,nifS_24,pepX_31,pyrG_44,recG_29,rplB_23,uvrA_28,New
626,627,clpA_37,clpX_24,nifS_24,pepX_31,pyrG_44,recG_29,rplB_23,uvrA_29,New
627,628,clpA_37,clpX_24,nifS_24,pepX_31,pyrG_44,recG_29,rplB_24,uvrA_99,New
628,629,clpA_37,clpX_24,nifS_24,pepX_31,pyrG_44,recG_29,rplB_24,uvrA_28,New
629,630,clpA_37,clpX_24,nifS_24,pepX_31,pyrG_44,recG_29,rplB_24,uvrA_29,New
630,631,clpA_37,clpX_24,nifS_24,pepX_31,pyrG_22,recG_32,rplB_23,uvrA_99,New
631,632,clpA_37,clpX_24,nifS_24,pepX_31,pyrG_22,recG_32,rplB_23,uvrA_28,New
632,633,clpA_37,clpX_24,nifS_24,pepX_31,pyrG_22,recG_32,rplB_23,uvrA_29,New
633,634,clpA_37,clpX_24,nifS_24,pepX_31,pyrG_22,recG_32,rplB_24,uvrA_99,New
634,635,clpA_37,clpX_24,nifS_24,pepX_31,pyrG_22,recG_32,rplB_24,uvrA_28,New
635,636,clpA_37,clpX_24,nifS_24,pepX_31,pyrG_22,recG_32,rplB_24,uvrA_29,New
636,637,clpA_37,clpX_24,nifS_24,pepX_31,pyrG_22,recG_91,rplB_23,uvrA_99,New
637,638,clpA_37,clpX_24,nifS_24,pepX_31,pyrG_22,recG_91,rplB_23,uvrA_28,New
638,639,clpA_37,clpX_24,nifS_24,pepX_31,pyrG_22,recG_91,rplB_23,uvrA_29,New
639,640,clpA_37,clpX_24,nifS_24,pepX_31,pyrG_22,recG_91,rplB_24,uvrA_99,New
640,641,clpA_37,clpX_24,nifS_24,pepX_31,pyrG_22,recG_91,rplB_24,uvrA_28,New
641,642,clpA_37,clpX_24,nifS_24,pepX_31,pyrG_22,recG_91,rplB_24,uvrA_29,New
642,643,clpA_37,clpX_24,nifS_24,pepX_31,pyrG_22,recG_29,rplB_23,uvrA_99,Existing
643,644,clpA_37,clpX_24,nifS_24,pepX_31,pyrG_22,recG_29,rplB_23,uvrA_28,Existing
644,645,clpA_37,clpX_24,nifS_24,pepX_31,pyrG_22,recG_29,rplB_23,uvrA_29,Existing
645,646,clpA_37,clpX_24,nifS_24,pepX_31,pyrG_22,recG_29,rplB_24,uvrA_99,New
646,647,clpA_37,clpX_24,nifS_24,pepX_31,pyrG_22,recG_29,rplB_24,uvrA_28,New
647,648,clpA_37,clpX_24,nifS_24,pepX_31,pyrG_22,recG_29,rplB_24,uvrA_29,New
648,649,clpA_36,clpX_24,nifS_23,pepX_49,pyrG_96,recG_32,rplB_23,uvrA_99,New
649,650,clpA_36,clpX_24,nifS_23,pepX_49,pyrG_96,recG_32,rplB_23,uvrA_28,New
650,651,clpA_36,clpX_24,nifS_23,pepX_49,pyrG_96,recG_32,rplB_23,uvrA_29,New
651,652,clpA_36,clpX_24,nifS_23,pepX_49,pyrG_96,recG_32,rplB_24,uvrA_99,New
652,653,clpA_36,clpX_24,nifS_23,pepX_49,pyrG_96,recG_32,rplB_24,uvrA_28,New
653,654,clpA_36,clpX_24,nifS_23,pepX_49,pyrG_96,recG_32,rplB_24,uvrA_29,New
654,655,clpA_36,clpX_24,nifS_23,pepX_49,pyrG_96,recG_91,rplB_23,uvrA_99,New
655,656,clpA_36,clpX_24,nifS_23,pepX_49,pyrG_96,recG_91,rplB_23,uvrA_28,New
656,657,clpA_36,clpX_24,nifS_23,pepX_49,pyrG_96,recG_91,rplB_23,uvrA_29,New
657,658,clpA_36,clpX_24,nifS_23,pepX_49,pyrG_96,recG_91,rplB_24,uvrA_99,New
658,659,clpA_36,clpX_24,nifS_23,pepX_49,pyrG_96,recG_91,rplB_24,uvrA_28,New
659,660,clpA_36,clpX_24,nifS_23,pepX_49,pyrG_96,recG_91,rplB_24,uvrA_29,New
660,661,clpA_36,clpX_24,nifS_23,pepX_49,pyrG_96,recG_29,rplB_23,uvrA_99,New
661,662,clpA_36,clpX_24,nifS_23,pepX_49,pyrG_96,recG_29,rplB_23,uvrA_28,New
662,663,clpA_36,clpX_24,nifS_23,pepX_49,pyrG_96,recG_29,rplB_23,uvrA_29,New
663,664,clpA_36,clpX_24,nifS_23,pepX_49,pyrG_96,recG_29,rplB_24,uvrA_99,New
664,665,clpA_36,clpX_24,nifS_23,pepX_49,pyrG_96,recG_29,rplB_24,uvrA_28,New
665,666,clpA_36,clpX_24,nifS_23,pepX_49,pyrG_96,recG_29,rplB_24,uvrA_29,New
666,667,clpA_36,clpX_24,nifS_23,pepX_49,pyrG_44,recG_32,rplB_23,uvrA_99,New
667,668,clpA_36,clpX_24,nifS_23,pepX_49,pyrG_44,recG_32,rplB_23,uvrA_28,New
668,669,clpA_36,clpX_24,nifS_23,pepX_49,pyrG_44,recG_32,rplB_23,uvrA_29,New
669,670,clpA_36,clpX_24,nifS_23,pepX_49,pyrG_44,recG_32,rplB_24,uvrA_99,New
670,671,clpA_36,clpX_24,nifS_23,pepX_49,pyrG_44,recG_32,rplB_24,uvrA_28,New
671,672,clpA_36,clpX_24,nifS_23,pepX_49,pyrG_44,recG_32,rplB_24,uvrA_29,New
672,673,clpA_36,clpX_24,nifS_23,pepX_49,pyrG_44,recG_91,rplB_23,uvrA_99,New
673,674,clpA_36,clpX_24,nifS_23,pepX_49,pyrG_44,recG_91,rplB_23,uvrA_28,New
674,675,clpA_36,clpX_24,nifS_23,pepX_49,pyrG_44,recG_91,rplB_23,uvrA_29,New
675,676,clpA_36,clpX_24,nifS_23,pepX_49,pyrG_44,recG_91,rplB_24,uvrA_99,New
676,677,clpA_36,clpX_24,nifS_23,pepX_49,pyrG_44,recG_91,rplB_24,uvrA_28,New
677,678,clpA_36,clpX_24,nifS_23,pepX_49,pyrG_44,recG_91,rplB_24,uvrA_29,New
678,679,clpA_36,clpX_24,nifS_23,pepX_49,pyrG_44,recG_29,rplB_23,uvrA_99,New
679,680,clpA_36,clpX_24,nifS_23,pepX_49,pyrG_44,recG_29,rplB_23,uvrA_28,New
680,681,clpA_36,clpX_24,nifS_23,pepX_49,pyrG_44,recG_29,rplB_23,uvrA_29,New
681,682,clpA_36,clpX_24,nifS_23,pepX_49,pyrG_44,recG_29,rplB_24,uvrA_99,New
682,683,clpA_36,clpX_24,nifS_23,pepX_49,pyrG_44,recG_29,rplB_24,uvrA_28,New
683,684,clpA_36,clpX_24,nifS_23,pepX_49,pyrG_44,recG_29,rplB_24,uvrA_29,New
684,685,clpA_36,clpX_24,nifS_23,pepX_49,pyrG_22,recG_32,rplB_23,uvrA_99,New
685,686,clpA_36,clpX_24,nifS_23,pepX_49,pyrG_22,recG_32,rplB_23,uvrA_28,New
686,687,clpA_36,clpX_24,nifS_23,pepX_49,pyrG_22,recG_32,rplB_23,uvrA_29,New
687,688,clpA_36,clpX_24,nifS_23,pepX_49,pyrG_22,recG_32,rplB_24,uvrA_99,New
688,689,clpA_36,clpX_24,nifS_23,pepX_49,pyrG_22,recG_32,rplB_24,uvrA_28,New
689,690,clpA_36,clpX_24,nifS_23,pepX_49,pyrG_22,recG_32,rplB_24,uvrA_29,New
690,691,clpA_36,clpX_24,nifS_23,pepX_49,pyrG_22,recG_91,rplB_23,uvrA_99,New
691,692,clpA_36,clpX_24,nifS_23,pepX_49,pyrG_22,recG_91,rplB_23,uvrA_28,New
692,693,clpA_36,clpX_24,nifS_23,pepX_49,pyrG_22,recG_91,rplB_23,uvrA_29,New
693,694,clpA_36,clpX_24,nifS_23,pepX_49,pyrG_22,recG_91,rplB_24,uvrA_99,New
694,695,clpA_36,clpX_24,nifS_23,pepX_49,pyrG_22,recG_91,rplB_24,uvrA_28,New
695,696,clpA_36,clpX_24,nifS_23,pepX_49,pyrG_22,recG_91,rplB_24,uvrA_29,New
696,697,clpA_36,clpX_24,nifS_23,pepX_49,pyrG_22,recG_29,rplB_23,uvrA_99,New
697,698,clpA_36,clpX_24,nifS_23,pepX_49,pyrG_22,recG_29,rplB_23,uvrA_28,New
698,699,clpA_36,clpX_24,nifS_23,pepX_49,pyrG_22,recG_29,rplB_23,uvrA_29,New
699,700,clpA_36,clpX_24,nifS_23,pepX_49,pyrG_22,recG_29,rplB_24,uvrA_99,New
700,701,clpA_36,clpX_24,nifS_23,pepX_49,pyrG_22,recG_29,rplB_24,uvrA_28,New
701,702,clpA_36,clpX_24,nifS_23,pepX_49,pyrG_22,recG_29,rplB_24,uvrA_29,New
702,703,clpA_36,clpX_24,nifS_23,pepX_85,pyrG_96,recG_32,rplB_23,uvrA_99,New
703,704,clpA_36,clpX_24,nifS_23,pepX_85,pyrG_96,recG_32,rplB_23,uvrA_28,New
704,705,clpA_36,clpX_24,nifS_23,pepX_85,pyrG_96,recG_32,rplB_23,uvrA_29,New
705,706,clpA_36,clpX_24,nifS_23,pepX_85,pyrG_96,recG_32,rplB_24,uvrA_99,New
706,707,clpA_36,clpX_24,nifS_23,pepX_85,pyrG_96,recG_32,rplB_24,uvrA_28,New
707,708,clpA_36,clpX_24,nifS_23,pepX_85,pyrG_96,recG_32,rplB_24,uvrA_29,New
708,709,clpA_36,clpX_24,nifS_23,pepX_85,pyrG_96,recG_91,rplB_23,uvrA_99,New
709,710,clpA_36,clpX_24,nifS_23,pepX_85,pyrG_96,recG_91,rplB_23,uvrA_28,New
710,711,clpA_36,clpX_24,nifS_23,pepX_85,pyrG_96,recG_91,rplB_23,uvrA_29,New
711,712,clpA_36,clpX_24,nifS_23,pepX_85,pyrG_96,recG_91,rplB_24,uvrA_99,New
712,713,clpA_36,clpX_24,nifS_23,pepX_85,pyrG_96,recG_91,rplB_24,uvrA_28,New
713,714,clpA_36,clpX_24,nifS_23,pepX_85,pyrG_96,recG_91,rplB_24,uvrA_29,New
714,715,clpA_36,clpX_24,nifS_23,pepX_85,pyrG_96,recG_29,rplB_23,uvrA_99,New
715,716,clpA_36,clpX_24,nifS_23,pepX_85,pyrG_96,recG_29,rplB_23,uvrA_28,New
716,717,clpA_36,clpX_24,nifS_23,pepX_85,pyrG_96,recG_29,rplB_23,uvrA_29,New
717,718,clpA_36,clpX_24,nifS_23,pepX_85,pyrG_96,recG_29,rplB_24,uvrA_99,New
718,719,clpA_36,clpX_24,nifS_23,pepX_85,pyrG_96,recG_29,rplB_24,uvrA_28,New
719,720,clpA_36,clpX_24,nifS_23,pepX_85,pyrG_96,recG_29,rplB_24,uvrA_29,New
720,721,clpA_36,clpX_24,nifS_23,pepX_85,pyrG_44,recG_32,rplB_23,uvrA_99,New
721,722,clpA_36,clpX_24,nifS_23,pepX_85,pyrG_44,recG_32,rplB_23,uvrA_28,New
722,723,clpA_36,clpX_24,nifS_23,pepX_85,pyrG_44,recG_32,rplB_23,uvrA_29,New
723,724,clpA_36,clpX_24,nifS_23,pepX_85,pyrG_44,recG_32,rplB_24,uvrA_99,New
724,725,clpA_36,clpX_24,nifS_23,pepX_85,pyrG_44,recG_32,rplB_24,uvrA_28,New
725,726,clpA_36,clpX_24,nifS_23,pepX_85,pyrG_44,recG_32,rplB_24,uvrA_29,New
726,727,clpA_36,clpX_24,nifS_23,pepX_85,pyrG_44,recG_91,rplB_23,uvrA_99,New
727,728,clpA_36,clpX_24,nifS_23,pepX_85,pyrG_44,recG_91,rplB_23,uvrA_28,New
728,729,clpA_36,clpX_24,nifS_23,pepX_85,pyrG_44,recG_91,rplB_23,uvrA_29,New
729,730,clpA_36,clpX_24,nifS_23,pepX_85,pyrG_44,recG_91,rplB_24,uvrA_99,New
730,731,clpA_36,clpX_24,nifS_23,pepX_85,pyrG_44,recG_91,rplB_24,uvrA_28,New
731,732,clpA_36,clpX_24,nifS_23,pepX_85,pyrG_44,recG_91,rplB_24,uvrA_29,New
732,733,clpA_36,clpX_24,nifS_23,pepX_85,pyrG_44,recG_29,rplB_23,uvrA_99,New
733,734,clpA_36,clpX_24,nifS_23,pepX_85,pyrG_44,recG_29,rplB_23,uvrA_28,New
734,735,clpA_36,clpX_24,nifS_23,pepX_85,pyrG_44,recG_29,rplB_23,uvrA_29,New
735,736,clpA_36,clpX_24,nifS_23,pepX_85,pyrG_44,recG_29,rplB_24,uvrA_99,New
736,737,clpA_36,clpX_24,nifS_23,pepX_85,pyrG_44,recG_29,rplB_24,uvrA_28,New
737,738,clpA_36,clpX_24,nifS_23,pepX_85,pyrG_44,recG_29,rplB_24,uvrA_29,New
738,739,clpA_36,clpX_24,nifS_23,pepX_85,pyrG_22,recG_32,rplB_23,uvrA_99,New
739,740,clpA_36,clpX_24,nifS_23,pepX_85,pyrG_22,recG_32,rplB_23,uvrA_28,New
740,741,clpA_36,clpX_24,nifS_23,pepX_85,pyrG_22,recG_32,rplB_23,uvrA_29,New
741,742,clpA_36,clpX_24,nifS_23,pepX_85,pyrG_22,recG_32,rplB_24,uvrA_99,New
742,743,clpA_36,clpX_24,nifS_23,pepX_85,pyrG_22,recG_32,rplB_24,uvrA_28,New
743,744,clpA_36,clpX_24,nifS_23,pepX_85,pyrG_22,recG_32,rplB_24,uvrA_29,New
744,745,clpA_36,clpX_24,nifS_23,pepX_85,pyrG_22,recG_91,rplB_23,uvrA_99,New
745,746,clpA_36,clpX_24,nifS_23,pepX_85,pyrG_22,recG_91,rplB_23,uvrA_28,New
746,747,clpA_36,clpX_24,nifS_23,pepX_85,pyrG_22,recG_91,rplB_23,uvrA_29,New
747,748,clpA_36,clpX_24,nifS_23,pepX_85,pyrG_22,recG_91,rplB_24,uvrA_99,New
748,749,clpA_36,clpX_24,nifS_23,pepX_85,pyrG_22,recG_91,rplB_24,uvrA_28,New
749,750,clpA_36,clpX_24,nifS_23,pepX_85,pyrG_22,recG_91,rplB_24,uvrA_29,New
750,751,clpA_36,clpX_24,nifS_23,pepX_85,pyrG_22,recG_29,rplB_23,uvrA_99,New
751,752,clpA_36,clpX_24,nifS_23,pepX_85,pyrG_22,recG_29,rplB_23,uvrA_28,New
752,753,clpA_36,clpX_24,nifS_23,pepX_85,pyrG_22,recG_29,rplB_23,uvrA_29,New
753,754,clpA_36,clpX_24,nifS_23,pepX_85,pyrG_22,recG_29,rplB_24,uvrA_99,New
754,755,clpA_36,clpX_24,nifS_23,pepX_85,pyrG_22,recG_29,rplB_24,uvrA_28,New
755,756,clpA_36,clpX_24,nifS_23,pepX_85,pyrG_22,recG_29,rplB_24,uvrA_29,New
756,757,clpA_36,clpX_24,nifS_23,pepX_31,pyrG_96,recG_32,rplB_23,uvrA_99,New
757,758,clpA_36,clpX_24,nifS_23,pepX_31,pyrG_96,recG_32,rplB_23,uvrA_28,New
758,759,clpA_36,clpX_24,nifS_23,pepX_31,pyrG_96,recG_32,rplB_23,uvrA_29,New
759,760,clpA_36,clpX_24,nifS_23,pepX_31,pyrG_96,recG_32,rplB_24,uvrA_99,New
760,761,clpA_36,clpX_24,nifS_23,pepX_31,pyrG_96,recG_32,rplB_24,uvrA_28,New
761,762,clpA_36,clpX_24,nifS_23,pepX_31,pyrG_96,recG_32,rplB_24,uvrA_29,New
762,763,clpA_36,clpX_24,nifS_23,pepX_31,pyrG_96,recG_91,rplB_23,uvrA_99,New
763,764,clpA_36,clpX_24,nifS_23,pepX_31,pyrG_96,recG_91,rplB_23,uvrA_28,New
764,765,clpA_36,clpX_24,nifS_23,pepX_31,pyrG_96,recG_91,rplB_23,uvrA_29,New
765,766,clpA_36,clpX_24,nifS_23,pepX_31,pyrG_96,recG_91,rplB_24,uvrA_99,New
766,767,clpA_36,clpX_24,nifS_23,pepX_31,pyrG_96,recG_91,rplB_24,uvrA_28,New
767,768,clpA_36,clpX_24,nifS_23,pepX_31,pyrG_96,recG_91,rplB_24,uvrA_29,New
768,769,clpA_36,clpX_24,nifS_23,pepX_31,pyrG_96,recG_29,rplB_23,uvrA_99,New
769,770,clpA_36,clpX_24,nifS_23,pepX_31,pyrG_96,recG_29,rplB_23,uvrA_28,New
770,771,clpA_36,clpX_24,nifS_23,pepX_31,pyrG_96,recG_29,rplB_23,uvrA_29,New
771,772,clpA_36,clpX_24,nifS_23,pepX_31,pyrG_96,recG_29,rplB_24,uvrA_99,New
772,773,clpA_36,clpX_24,nifS_23,pepX_31,pyrG_96,recG_29,rplB_24,uvrA_28,New
773,774,clpA_36,clpX_24,nifS_23,pepX_31,pyrG_96,recG_29,rplB_24,uvrA_29,New
774,775,clpA_36,clpX_24,nifS_23,pepX_31,pyrG_44,recG_32,rplB_23,uvrA_99,New
775,776,clpA_36,clpX_24,nifS_23,pepX_31,pyrG_44,recG_32,rplB_23,uvrA_28,New
776,777,clpA_36,clpX_24,nifS_23,pepX_31,pyrG_44,recG_32,rplB_23,uvrA_29,New
777,778,clpA_36,clpX_24,nifS_23,pepX_31,pyrG_44,recG_32,rplB_24,uvrA_99,New
778,779,clpA_36,clpX_24,nifS_23,pepX_31,pyrG_44,recG_32,rplB_24,uvrA_28,New
779,780,clpA_36,clpX_24,nifS_23,pepX_31,pyrG_44,recG_32,rplB_24,uvrA_29,New
780,781,clpA_36,clpX_24,nifS_23,pepX_31,pyrG_44,recG_91,rplB_23,uvrA_99,New
781,782,clpA_36,clpX_24,nifS_23,pepX_31,pyrG_44,recG_91,rplB_23,uvrA_28,New
782,783,clpA_36,clpX_24,nifS_23,pepX_31,pyrG_44,recG_91,rplB_23,uvrA_29,New
783,784,clpA_36,clpX_24,nifS_23,pepX_31,pyrG_44,recG_91,rplB_24,uvrA_99,New
784,785,clpA_36,clpX_24,nifS_23,pepX_31,pyrG_44,recG_91,rplB_24,uvrA_28,New
785,786,clpA_36,clpX_24,nifS_23,pepX_31,pyrG_44,recG_91,rplB_24,uvrA_29,New
786,787,clpA_36,clpX_24,nifS_23,pepX_31,pyrG_44,recG_29,rplB_23,uvrA_99,New
787,788,clpA_36,clpX_24,nifS_23,pepX_31,pyrG_44,recG_29,rplB_23,uvrA_28,New
788,789,clpA_36,clpX_24,nifS_23,pepX_31,pyrG_44,recG_29,rplB_23,uvrA_29,New
789,790,clpA_36,clpX_24,nifS_23,pepX_31,pyrG_44,recG_29,rplB_24,uvrA_99,New
790,791,clpA_36,clpX_24,nifS_23,pepX_31,pyrG_44,recG_29,rplB_24,uvrA_28,New
791,792,clpA_36,clpX_24,nifS_23,pepX_31,pyrG_44,recG_29,rplB_24,uvrA_29,New
792,793,clpA_36,clpX_24,nifS_23,pepX_31,pyrG_22,recG_32,rplB_23,uvrA_99,New
793,794,clpA_36,clpX_24,nifS_23,pepX_31,pyrG_22,recG_32,rplB_23,uvrA_28,New
794,795,clpA_36,clpX_24,nifS_23,pepX_31,pyrG_22,recG_32,rplB_23,uvrA_29,New
795,796,clpA_36,clpX_24,nifS_23,pepX_31,pyrG_22,recG_32,rplB_24,uvrA_99,New
796,797,clpA_36,clpX_24,nifS_23,pepX_31,pyrG_22,recG_32,rplB_24,uvrA_28,New
797,798,clpA_36,clpX_24,nifS_23,pepX_31,pyrG_22,recG_32,rplB_24,uvrA_29,New
798,799,clpA_36,clpX_24,nifS_23,pepX_31,pyrG_22,recG_91,rplB_23,uvrA_99,New
799,800,clpA_36,clpX_24,nifS_23,pepX_31,pyrG_22,recG_91,rplB_23,uvrA_28,New
800,801,clpA_36,clpX_24,nifS_23,pepX_31,pyrG_22,recG_91,rplB_23,uvrA_29,New
801,802,clpA_36,clpX_24,nifS_23,pepX_31,pyrG_22,recG_91,rplB_24,uvrA_99,New
802,803,clpA_36,clpX_24,nifS_23,pepX_31,pyrG_22,recG_91,rplB_24,uvrA_28,New
803,804,clpA_36,clpX_24,nifS_23,pepX_31,pyrG_22,recG_91,rplB_24,uvrA_29,New
804,805,clpA_36,clpX_24,nifS_23,pepX_31,pyrG_22,recG_29,rplB_23,uvrA_99,New
805,806,clpA_36,clpX_24,nifS_23,pepX_31,pyrG_22,recG_29,rplB_23,uvrA_28,New
806,807,clpA_36,clpX_24,nifS_23,pepX_31,pyrG_22,recG_29,rplB_23,uvrA_29,New
807,808,clpA_36,clpX_24,nifS_23,pepX_31,pyrG_22,recG_29,rplB_24,uvrA_99,New
808,809,clpA_36,clpX_24,nifS_23,pepX_31,pyrG_22,recG_29,rplB_24,uvrA_28,New
809,810,clpA_36,clpX_24,nifS_23,pepX_31,pyrG_22,recG_29,rplB_24,uvrA_29,New
810,811,clpA_36,clpX_24,nifS_24,pepX_49,pyrG_96,recG_32,rplB_23,uvrA_99,New
811,812,clpA_36,clpX_24,nifS_24,pepX_49,pyrG_96,recG_32,rplB_23,uvrA_28,New
812,813,clpA_36,clpX_24,nifS_24,pepX_49,pyrG_96,recG_32,rplB_23,uvrA_29,New
813,814,clpA_36,clpX_24,nifS_24,pepX_49,pyrG_96,recG_32,rplB_24,uvrA_99,New
814,815,clpA_36,clpX_24,nifS_24,pepX_49,pyrG_96,recG_32,rplB_24,uvrA_28,New
815,816,clpA_36,clpX_24,nifS_24,pepX_49,pyrG_96,recG_32,rplB_24,uvrA_29,New
816,817,clpA_36,clpX_24,nifS_24,pepX_49,pyrG_96,recG_91,rplB_23,uvrA_99,New
817,818,clpA_36,clpX_24,nifS_24,pepX_49,pyrG_96,recG_91,rplB_23,uvrA_28,New
818,819,clpA_36,clpX_24,nifS_24,pepX_49,pyrG_96,recG_91,rplB_23,uvrA_29,New
819,820,clpA_36,clpX_24,nifS_24,pepX_49,pyrG_96,recG_91,rplB_24,uvrA_99,New
820,821,clpA_36,clpX_24,nifS_24,pepX_49,pyrG_96,recG_91,rplB_24,uvrA_28,New
821,822,clpA_36,clpX_24,nifS_24,pepX_49,pyrG_96,recG_91,rplB_24,uvrA_29,New
822,823,clpA_36,clpX_24,nifS_24,pepX_49,pyrG_96,recG_29,rplB_23,uvrA_99,New
823,824,clpA_36,clpX_24,nifS_24,pepX_49,pyrG_96,recG_29,rplB_23,uvrA_28,New
824,825,clpA_36,clpX_24,nifS_24,pepX_49,pyrG_96,recG_29,rplB_23,uvrA_29,New
825,826,clpA_36,clpX_24,nifS_24,pepX_49,pyrG_96,recG_29,rplB_24,uvrA_99,New
826,827,clpA_36,clpX_24,nifS_24,pepX_49,pyrG_96,recG_29,rplB_24,uvrA_28,New
827,828,clpA_36,clpX_24,nifS_24,pepX_49,pyrG_96,recG_29,rplB_24,uvrA_29,New
828,829,clpA_36,clpX_24,nifS_24,pepX_49,pyrG_44,recG_32,rplB_23,uvrA_99,New
829,830,clpA_36,clpX_24,nifS_24,pepX_49,pyrG_44,recG_32,rplB_23,uvrA_28,New
830,831,clpA_36,clpX_24,nifS_24,pepX_49,pyrG_44,recG_32,rplB_23,uvrA_29,New
831,832,clpA_36,clpX_24,nifS_24,pepX_49,pyrG_44,recG_32,rplB_24,uvrA_99,New
832,833,clpA_36,clpX_24,nifS_24,pepX_49,pyrG_44,recG_32,rplB_24,uvrA_28,New
833,834,clpA_36,clpX_24,nifS_24,pepX_49,pyrG_44,recG_32,rplB_24,uvrA_29,New
834,835,clpA_36,clpX_24,nifS_24,pepX_49,pyrG_44,recG_91,rplB_23,uvrA_99,New
835,836,clpA_36,clpX_24,nifS_24,pepX_49,pyrG_44,recG_91,rplB_23,uvrA_28,New
836,837,clpA_36,clpX_24,nifS_24,pepX_49,pyrG_44,recG_91,rplB_23,uvrA_29,New
837,838,clpA_36,clpX_24,nifS_24,pepX_49,pyrG_44,recG_91,rplB_24,uvrA_99,New
838,839,clpA_36,clpX_24,nifS_24,pepX_49,pyrG_44,recG_91,rplB_24,uvrA_28,New
839,840,clpA_36,clpX_24,nifS_24,pepX_49,pyrG_44,recG_91,rplB_24,uvrA_29,New
840,841,clpA_36,clpX_24,nifS_24,pepX_49,pyrG_44,recG_29,rplB_23,uvrA_99,New
841,842,clpA_36,clpX_24,nifS_24,pepX_49,pyrG_44,recG_29,rplB_23,uvrA_28,New
842,843,clpA_36,clpX_24,nifS_24,pepX_49,pyrG_44,recG_29,rplB_23,uvrA_29,New
843,844,clpA_36,clpX_24,nifS_24,pepX_49,pyrG_44,recG_29,rplB_24,uvrA_99,New
844,845,clpA_36,clpX_24,nifS_24,pepX_49,pyrG_44,recG_29,rplB_24,uvrA_28,New
845,846,clpA_36,clpX_24,nifS_24,pepX_49,pyrG_44,recG_29,rplB_24,uvrA_29,New
846,847,clpA_36,clpX_24,nifS_24,pepX_49,pyrG_22,recG_32,rplB_23,uvrA_99,New
847,848,clpA_36,clpX_24,nifS_24,pepX_49,pyrG_22,recG_32,rplB_23,uvrA_28,New
848,849,clpA_36,clpX_24,nifS_24,pepX_49,pyrG_22,recG_32,rplB_23,uvrA_29,New
849,850,clpA_36,clpX_24,nifS_24,pepX_49,pyrG_22,recG_32,rplB_24,uvrA_99,New
850,851,clpA_36,clpX_24,nifS_24,pepX_49,pyrG_22,recG_32,rplB_24,uvrA_28,New
851,852,clpA_36,clpX_24,nifS_24,pepX_49,pyrG_22,recG_32,rplB_24,uvrA_29,New
852,853,clpA_36,clpX_24,nifS_24,pepX_49,pyrG_22,recG_91,rplB_23,uvrA_99,New
853,854,clpA_36,clpX_24,nifS_24,pepX_49,pyrG_22,recG_91,rplB_23,uvrA_28,New
854,855,clpA_36,clpX_24,nifS_24,pepX_49,pyrG_22,recG_91,rplB_23,uvrA_29,New
855,856,clpA_36,clpX_24,nifS_24,pepX_49,pyrG_22,recG_91,rplB_24,uvrA_99,New
856,857,clpA_36,clpX_24,nifS_24,pepX_49,pyrG_22,recG_91,rplB_24,uvrA_28,New
857,858,clpA_36,clpX_24,nifS_24,pepX_49,pyrG_22,recG_91,rplB_24,uvrA_29,New
858,859,clpA_36,clpX_24,nifS_24,pepX_49,pyrG_22,recG_29,rplB_23,uvrA_99,New
859,860,clpA_36,clpX_24,nifS_24,pepX_49,pyrG_22,recG_29,rplB_23,uvrA_28,New
860,861,clpA_36,clpX_24,nifS_24,pepX_49,pyrG_22,recG_29,rplB_23,uvrA_29,New
861,862,clpA_36,clpX_24,nifS_24,pepX_49,pyrG_22,recG_29,rplB_24,uvrA_99,New
862,863,clpA_36,clpX_24,nifS_24,pepX_49,pyrG_22,recG_29,rplB_24,uvrA_28,New
863,864,clpA_36,clpX_24,nifS_24,pepX_49,pyrG_22,recG_29,rplB_24,uvrA_29,New
864,865,clpA_36,clpX_24,nifS_24,pepX_85,pyrG_96,recG_32,rplB_23,uvrA_99,New
865,866,clpA_36,clpX_24,nifS_24,pepX_85,pyrG_96,recG_32,rplB_23,uvrA_28,New
866,867,clpA_36,clpX_24,nifS_24,pepX_85,pyrG_96,recG_32,rplB_23,uvrA_29,New
867,868,clpA_36,clpX_24,nifS_24,pepX_85,pyrG_96,recG_32,rplB_24,uvrA_99,New
868,869,clpA_36,clpX_24,nifS_24,pepX_85,pyrG_96,recG_32,rplB_24,uvrA_28,New
869,870,clpA_36,clpX_24,nifS_24,pepX_85,pyrG_96,recG_32,rplB_24,uvrA_29,New
870,871,clpA_36,clpX_24,nifS_24,pepX_85,pyrG_96,recG_91,rplB_23,uvrA_99,New
871,872,clpA_36,clpX_24,nifS_24,pepX_85,pyrG_96,recG_91,rplB_23,uvrA_28,New
872,873,clpA_36,clpX_24,nifS_24,pepX_85,pyrG_96,recG_91,rplB_23,uvrA_29,New
873,874,clpA_36,clpX_24,nifS_24,pepX_85,pyrG_96,recG_91,rplB_24,uvrA_99,New
874,875,clpA_36,clpX_24,nifS_24,pepX_85,pyrG_96,recG_91,rplB_24,uvrA_28,New
875,876,clpA_36,clpX_24,nifS_24,pepX_85,pyrG_96,recG_91,rplB_24,uvrA_29,Existing
876,877,clpA_36,clpX_24,nifS_24,pepX_85,pyrG_96,recG_29,rplB_23,uvrA_99,New
877,878,clpA_36,clpX_24,nifS_24,pepX_85,pyrG_96,recG_29,rplB_23,uvrA_28,New
878,879,clpA_36,clpX_24,nifS_24,pepX_85,pyrG_96,recG_29,rplB_23,uvrA_29,New
879,880,clpA_36,clpX_24,nifS_24,pepX_85,pyrG_96,recG_29,rplB_24,uvrA_99,New
880,881,clpA_36,clpX_24,nifS_24,pepX_85,pyrG_96,recG_29,rplB_24,uvrA_28,New
881,882,clpA_36,clpX_24,nifS_24,pepX_85,pyrG_96,recG_29,rplB_24,uvrA_29,New
882,883,clpA_36,clpX_24,nifS_24,pepX_85,pyrG_44,recG_32,rplB_23,uvrA_99,New
883,884,clpA_36,clpX_24,nifS_24,pepX_85,pyrG_44,recG_32,rplB_23,uvrA_28,New
884,885,clpA_36,clpX_24,nifS_24,pepX_85,pyrG_44,recG_32,rplB_23,uvrA_29,New
885,886,clpA_36,clpX_24,nifS_24,pepX_85,pyrG_44,recG_32,rplB_24,uvrA_99,New
886,887,clpA_36,clpX_24,nifS_24,pepX_85,pyrG_44,recG_32,rplB_24,uvrA_28,New
887,888,clpA_36,clpX_24,nifS_24,pepX_85,pyrG_44,recG_32,rplB_24,uvrA_29,New
888,889,clpA_36,clpX_24,nifS_24,pepX_85,pyrG_44,recG_91,rplB_23,uvrA_99,New
889,890,clpA_36,clpX_24,nifS_24,pepX_85,pyrG_44,recG_91,rplB_23,uvrA_28,New
890,891,clpA_36,clpX_24,nifS_24,pepX_85,pyrG_44,recG_91,rplB_23,uvrA_29,New
891,892,clpA_36,clpX_24,nifS_24,pepX_85,pyrG_44,recG_91,rplB_24,uvrA_99,New
892,893,clpA_36,clpX_24,nifS_24,pepX_85,pyrG_44,recG_91,rplB_24,uvrA_28,New
893,894,clpA_36,clpX_24,nifS_24,pepX_85,pyrG_44,recG_91,rplB_24,uvrA_29,New
894,895,clpA_36,clpX_24,nifS_24,pepX_85,pyrG_44,recG_29,rplB_23,uvrA_99,New
895,896,clpA_36,clpX_24,nifS_24,pepX_85,pyrG_44,recG_29,rplB_23,uvrA_28,New
896,897,clpA_36,clpX_24,nifS_24,pepX_85,pyrG_44,recG_29,rplB_23,uvrA_29,New
897,898,clpA_36,clpX_24,nifS_24,pepX_85,pyrG_44,recG_29,rplB_24,uvrA_99,New
898,899,clpA_36,clpX_24,nifS_24,pepX_85,pyrG_44,recG_29,rplB_24,uvrA_28,New
899,900,clpA_36,clpX_24,nifS_24,pepX_85,pyrG_44,recG_29,rplB_24,uvrA_29,New
900,901,clpA_36,clpX_24,nifS_24,pepX_85,pyrG_22,recG_32,rplB_23,uvrA_99,New
901,902,clpA_36,clpX_24,nifS_24,pepX_85,pyrG_22,recG_32,rplB_23,uvrA_28,New
902,903,clpA_36,clpX_24,nifS_24,pepX_85,pyrG_22,recG_32,rplB_23,uvrA_29,New
903,904,clpA_36,clpX_24,nifS_24,pepX_85,pyrG_22,recG_32,rplB_24,uvrA_99,New
904,905,clpA_36,clpX_24,nifS_24,pepX_85,pyrG_22,recG_32,rplB_24,uvrA_28,New
905,906,clpA_36,clpX_24,nifS_24,pepX_85,pyrG_22,recG_32,rplB_24,uvrA_29,New
906,907,clpA_36,clpX_24,nifS_24,pepX_85,pyrG_22,recG_91,rplB_23,uvrA_99,New
907,908,clpA_36,clpX_24,nifS_24,pepX_85,pyrG_22,recG_91,rplB_23,uvrA_28,New
908,909,clpA_36,clpX_24,nifS_24,pepX_85,pyrG_22,recG_91,rplB_23,uvrA_29,New
909,910,clpA_36,clpX_24,nifS_24,pepX_85,pyrG_22,recG_91,rplB_24,uvrA_99,New
910,911,clpA_36,clpX_24,nifS_24,pepX_85,pyrG_22,recG_91,rplB_24,uvrA_28,New
911,912,clpA_36,clpX_24,nifS_24,pepX_85,pyrG_22,recG_91,rplB_24,uvrA_29,New
912,913,clpA_36,clpX_24,nifS_24,pepX_85,pyrG_22,recG_29,rplB_23,uvrA_99,New
913,914,clpA_36,clpX_24,nifS_24,pepX_85,pyrG_22,recG_29,rplB_23,uvrA_28,New
914,915,clpA_36,clpX_24,nifS_24,pepX_85,pyrG_22,recG_29,rplB_23,uvrA_29,New
915,916,clpA_36,clpX_24,nifS_24,pepX_85,pyrG_22,recG_29,rplB_24,uvrA_99,New
916,917,clpA_36,clpX_24,nifS_24,pepX_85,pyrG_22,recG_29,rplB_24,uvrA_28,New
917,918,clpA_36,clpX_24,nifS_24,pepX_85,pyrG_22,recG_29,rplB_24,uvrA_29,New
918,919,clpA_36,clpX_24,nifS_24,pepX_31,pyrG_96,recG_32,rplB_23,uvrA_99,New
919,920,clpA_36,clpX_24,nifS_24,pepX_31,pyrG_96,recG_32,rplB_23,uvrA_28,New
920,921,clpA_36,clpX_24,nifS_24,pepX_31,pyrG_96,recG_32,rplB_23,uvrA_29,New
921,922,clpA_36,clpX_24,nifS_24,pepX_31,pyrG_96,recG_32,rplB_24,uvrA_99,New
922,923,clpA_36,clpX_24,nifS_24,pepX_31,pyrG_96,recG_32,rplB_24,uvrA_28,New
923,924,clpA_36,clpX_24,nifS_24,pepX_31,pyrG_96,recG_32,rplB_24,uvrA_29,New
924,925,clpA_36,clpX_24,nifS_24,pepX_31,pyrG_96,recG_91,rplB_23,uvrA_99,New
925,926,clpA_36,clpX_24,nifS_24,pepX_31,pyrG_96,recG_91,rplB_23,uvrA_28,New
926,927,clpA_36,clpX_24,nifS_24,pepX_31,pyrG_96,recG_91,rplB_23,uvrA_29,New
927,928,clpA_36,clpX_24,nifS_24,pepX_31,pyrG_96,recG_91,rplB_24,uvrA_99,New
928,929,clpA_36,clpX_24,nifS_24,pepX_31,pyrG_96,recG_91,rplB_24,uvrA_28,New
929,930,clpA_36,clpX_24,nifS_24,pepX_31,pyrG_96,recG_91,rplB_24,uvrA_29,New
930,931,clpA_36,clpX_24,nifS_24,pepX_31,pyrG_96,recG_29,rplB_23,uvrA_99,New
931,932,clpA_36,clpX_24,nifS_24,pepX_31,pyrG_96,recG_29,rplB_23,uvrA_28,New
932,933,clpA_36,clpX_24,nifS_24,pepX_31,pyrG_96,recG_29,rplB_23,uvrA_29,New
933,934,clpA_36,clpX_24,nifS_24,pepX_31,pyrG_96,recG_29,rplB_24,uvrA_99,New
934,935,clpA_36,clpX_24,nifS_24,pepX_31,pyrG_96,recG_29,rplB_24,uvrA_28,New
935,936,clpA_36,clpX_24,nifS_24,pepX_31,pyrG_96,recG_29,rplB_24,uvrA_29,New
936,937,clpA_36,clpX_24,nifS_24,pepX_31,pyrG_44,recG_32,rplB_23,uvrA_99,New
937,938,clpA_36,clpX_24,nifS_24,pepX_31,pyrG_44,recG_32,rplB_23,uvrA_28,New
938,939,clpA_36,clpX_24,nifS_24,pepX_31,pyrG_44,recG_32,rplB_23,uvrA_29,New
939,940,clpA_36,clpX_24,nifS_24,pepX_31,pyrG_44,recG_32,rplB_24,uvrA_99,New
940,941,clpA_36,clpX_24,nifS_24,pepX_31,pyrG_44,recG_32,rplB_24,uvrA_28,New
941,942,clpA_36,clpX_24,nifS_24,pepX_31,pyrG_44,recG_32,rplB_24,uvrA_29,New
942,943,clpA_36,clpX_24,nifS_24,pepX_31,pyrG_44,recG_91,rplB_23,uvrA_99,New
943,944,clpA_36,clpX_24,nifS_24,pepX_31,pyrG_44,recG_91,rplB_23,uvrA_28,New
944,945,clpA_36,clpX_24,nifS_24,pepX_31,pyrG_44,recG_91,rplB_23,uvrA_29,New
945,946,clpA_36,clpX_24,nifS_24,pepX_31,pyrG_44,recG_91,rplB_24,uvrA_99,New
946,947,clpA_36,clpX_24,nifS_24,pepX_31,pyrG_44,recG_91,rplB_24,uvrA_28,New
947,948,clpA_36,clpX_24,nifS_24,pepX_31,pyrG_44,recG_91,rplB_24,uvrA_29,New
948,949,clpA_36,clpX_24,nifS_24,pepX_31,pyrG_44,recG_29,rplB_23,uvrA_99,New
949,950,clpA_36,clpX_24,nifS_24,pepX_31,pyrG_44,recG_29,rplB_23,uvrA_28,New
950,951,clpA_36,clpX_24,nifS_24,pepX_31,pyrG_44,recG_29,rplB_23,uvrA_29,New
951,952,clpA_36,clpX_24,nifS_24,pepX_31,pyrG_44,recG_29,rplB_24,uvrA_99,New
952,953,clpA_36,clpX_24,nifS_24,pepX_31,pyrG_44,recG_29,rplB_24,uvrA_28,New
953,954,clpA_36,clpX_24,nifS_24,pepX_31,pyrG_44,recG_29,rplB_24,uvrA_29,New
954,955,clpA_36,clpX_24,nifS_24,pepX_31,pyrG_22,recG_32,rplB_23,uvrA_99,New
955,956,clpA_36,clpX_24,nifS_24,pepX_31,pyrG_22,recG_32,rplB_23,uvrA_28,New
956,957,clpA_36,clpX_24,nifS_24,pepX_31,pyrG_22,recG_32,rplB_23,uvrA_29,New
957,958,clpA_36,clpX_24,nifS_24,pepX_31,pyrG_22,recG_32,rplB_24,uvrA_99,New
958,959,clpA_36,clpX_24,nifS_24,pepX_31,pyrG_22,recG_32,rplB_24,uvrA_28,New
959,960,clpA_36,clpX_24,nifS_24,pepX_31,pyrG_22,recG_32,rplB_24,uvrA_29,New
960,961,clpA_36,clpX_24,nifS_24,pepX_31,pyrG_22,recG_91,rplB_23,uvrA_99,New
961,962,clpA_36,clpX_24,nifS_24,pepX_31,pyrG_22,recG_91,rplB_23,uvrA_28,New
962,963,clpA_36,clpX_24,nifS_24,pepX_31,pyrG_22,recG_91,rplB_23,uvrA_29,New
963,964,clpA_36,clpX_24,nifS_24,pepX_31,pyrG_22,recG_91,rplB_24,uvrA_99,New
964,965,clpA_36,clpX_24,nifS_24,pepX_31,pyrG_22,recG_91,rplB_24,uvrA_28,New
965,966,clpA_36,clpX_24,nifS_24,pepX_31,pyrG_22,recG_91,rplB_24,uvrA_29,New
966,967,clpA_36,clpX_24,nifS_24,pepX_31,pyrG_22,recG_29,rplB_23,uvrA_99,New
967,968,clpA_36,clpX_24,nifS_24,pepX_31,pyrG_22,recG_29,rplB_23,uvrA_28,New
968,969,clpA_36,clpX_24,nifS_24,pepX_31,pyrG_22,recG_29,rplB_23,uvrA_29,Existing
969,970,clpA_36,clpX_24,nifS_24,pepX_31,pyrG_22,recG_29,rplB_24,uvrA_99,New
970,971,clpA_36,clpX_24,nifS_24,pepX_31,pyrG_22,recG_29,rplB_24,uvrA_28,New
971,972,clpA_36,clpX_24,nifS_24,pepX_31,pyrG_22,recG_29,rplB_24,uvrA_29,New
